HITId,HITTypeId,Title,Description,Keywords,Reward,CreationTime,MaxAssignments,RequesterAnnotation,AssignmentDurationInSeconds,AutoApprovalDelayInSeconds,Expiration,NumberOfSimilarHITs,LifetimeInSeconds,AssignmentId,WorkerId,AssignmentStatus,AcceptTime,SubmitTime,AutoApprovalTime,ApprovalTime,RejectionTime,RequesterFeedback,WorkTimeInSeconds,LifetimeApprovalRate,Last30DaysApprovalRate,Last7DaysApprovalRate,Answer.favoritechain1,Answer.favoritechain2,Answer.favoritechain3,Answer.favoritechain4,Answer.favoriteitem1,Answer.favoriteitem2,Answer.favoriteitem3,Answer.favoriteitem4,Answer.option1,Answer.option2,Answer.option3,Answer.option4,Approve,Reject
3ZTE0JGGDMS4YNOCPSDL1ERQXISOC7,3KIFW8VYCHONZ9HQKKZM09JQS93PBJ,"30-60 second quick survey about your favorite resturants and food, $12-24/h",Tell us your favorite chain resturants and what items you like most,"survey, food, chain, resturant, easy, fast",$0.20 ,Thu Apr 01 18:28:07 PDT 2021,101,BatchId:4391393;OriginalHitTemplateId:928390912;,300,86400,Sat Apr 03 18:28:07 PDT 2021,,,31EUONYN2332JGS66BDSGPB24OMVOM,ARR3UJTM2ZGK4,Approved,Thu Apr 01 18:32:37 PDT 2021,Thu Apr 01 18:34:17 PDT 2021,Fri Apr 02 18:34:17 PDT 2021,Thu Apr 01 19:20:25 PDT 2021,,,100,100% (1/1),100% (1/1),100% (1/1),Red Lobster,Olive Garden,Wendy's,McDonald's,Cheddar Bay biscuits,Salad,Frosty,Grilled chicken salad,,,,,,
3ZTE0JGGDMS4YNOCPSDL1ERQXISOC7,3KIFW8VYCHONZ9HQKKZM09JQS93PBJ,"30-60 second quick survey about your favorite resturants and food, $12-24/h",Tell us your favorite chain resturants and what items you like most,"survey, food, chain, resturant, easy, fast",$0.20 ,Thu Apr 01 18:28:07 PDT 2021,101,BatchId:4391393;OriginalHitTemplateId:928390912;,300,86400,Sat Apr 03 18:28:07 PDT 2021,,,31LVTDXBLFA2KO8SKZSQNBI5OD5LR3,A3RD9MJUPEMYCY,Approved,Thu Apr 01 18:41:09 PDT 2021,Thu Apr 01 18:43:55 PDT 2021,Fri Apr 02 18:43:55 PDT 2021,Thu Apr 01 19:20:25 PDT 2021,,,166,100% (1/1),100% (1/1),100% (1/1),Chick fila,Burger King,McDonald,Panera Bread,Chicken salad,Double whopper,Chicken sandwich,Turkey sandwich,,,,,,
3ZTE0JGGDMS4YNOCPSDL1ERQXISOC7,3KIFW8VYCHONZ9HQKKZM09JQS93PBJ,"30-60 second quick survey about your favorite resturants and food, $12-24/h",Tell us your favorite chain resturants and what items you like most,"survey, food, chain, resturant, easy, fast",$0.20 ,Thu Apr 01 18:28:07 PDT 2021,101,BatchId:4391393;OriginalHitTemplateId:928390912;,300,86400,Sat Apr 03 18:28:07 PDT 2021,,,31N2WW6R9ZQO1UDUNYOWA0A5L34F3P,A2FO6J0H70OW05,Approved,Thu Apr 01 18:49:17 PDT 2021,Thu Apr 01 18:52:10 PDT 2021,Fri Apr 02 18:52:10 PDT 2021,Thu Apr 01 19:20:25 PDT 2021,,,173,100% (1/1),100% (1/1),100% (1/1),Cook Out,Chick Fil A,Wendys,Taco Bell,Cheeseburger,Chicken Nuggets,Junior Bacon cheeseburger,Beef Chalupa,,Chick Fil A sauce,,,,
3ZTE0JGGDMS4YNOCPSDL1ERQXISOC7,3KIFW8VYCHONZ9HQKKZM09JQS93PBJ,"30-60 second quick survey about your favorite resturants and food, $12-24/h",Tell us your favorite chain resturants and what items you like most,"survey, food, chain, resturant, easy, fast",$0.20 ,Thu Apr 01 18:28:07 PDT 2021,101,BatchId:4391393;OriginalHitTemplateId:928390912;,300,86400,Sat Apr 03 18:28:07 PDT 2021,,,320DUZ38GFM508BE13M18SR6IFOJG2,A2H1RXUC8XNNIW,Approved,Thu Apr 01 18:28:29 PDT 2021,Thu Apr 01 18:32:22 PDT 2021,Fri Apr 02 18:32:22 PDT 2021,Thu Apr 01 19:20:25 PDT 2021,,,233,100% (1/1),100% (1/1),100% (1/1),Mc donalds,Burger king,Wendy's,Chick-fil-A,Mc nuggets,whoopper,Coffe,spice chicken sandwich,,,,,,
3ZTE0JGGDMS4YNOCPSDL1ERQXISOC7,3KIFW8VYCHONZ9HQKKZM09JQS93PBJ,"30-60 second quick survey about your favorite resturants and food, $12-24/h",Tell us your favorite chain resturants and what items you like most,"survey, food, chain, resturant, easy, fast",$0.20 ,Thu Apr 01 18:28:07 PDT 2021,101,BatchId:4391393;OriginalHitTemplateId:928390912;,300,86400,Sat Apr 03 18:28:07 PDT 2021,,,323Q6SJS8QG3V2KT2JDYEUBF48MFHW,A1LPXDH9RL5LPB,Approved,Thu Apr 01 18:50:44 PDT 2021,Thu Apr 01 18:54:18 PDT 2021,Fri Apr 02 18:54:18 PDT 2021,Thu Apr 01 19:20:25 PDT 2021,,,214,100% (1/1),100% (1/1),100% (1/1),Wendys,Burger King,Chick-fil-a,Subway,Bacon cheese burger,Bacon Cheese Whooper,"Chicken delux sandwhich (which I know was the example, but it is for real my favorite)",Footlong steak and cheese,I like to get the sriracha dipping sauce,Always gotta get fries,Buffalo dipping sauce,"Pepperjack cheese, toasted, with lettuce, tomatoes, banana peppers, and chipotle southewest sauce",,
3ZTE0JGGDMS4YNOCPSDL1ERQXISOC7,3KIFW8VYCHONZ9HQKKZM09JQS93PBJ,"30-60 second quick survey about your favorite resturants and food, $12-24/h",Tell us your favorite chain resturants and what items you like most,"survey, food, chain, resturant, easy, fast",$0.20 ,Thu Apr 01 18:28:07 PDT 2021,101,BatchId:4391393;OriginalHitTemplateId:928390912;,300,86400,Sat Apr 03 18:28:07 PDT 2021,,,32M8BPYGA1M95XR8JL11WRC6500IGQ,A1XX59NYG6TO3J,Approved,Thu Apr 01 18:38:23 PDT 2021,Thu Apr 01 18:39:13 PDT 2021,Fri Apr 02 18:39:13 PDT 2021,Thu Apr 01 19:20:25 PDT 2021,,,50,100% (1/1),100% (1/1),100% (1/1),Chick-Fila,Wendys,McDonalds,Chipotle,Deluxe Chicken Sandwich,Baconator,Big Mac,Carnitas Burrito,Chick-fila sauce,,,,,
3ZTE0JGGDMS4YNOCPSDL1ERQXISOC7,3KIFW8VYCHONZ9HQKKZM09JQS93PBJ,"30-60 second quick survey about your favorite resturants and food, $12-24/h",Tell us your favorite chain resturants and what items you like most,"survey, food, chain, resturant, easy, fast",$0.20 ,Thu Apr 01 18:28:07 PDT 2021,101,BatchId:4391393;OriginalHitTemplateId:928390912;,300,86400,Sat Apr 03 18:28:07 PDT 2021,,,32N49TQG3OIDHCY5WS8AFURXF7JVAO,APF1EAZT104LQ,Approved,Thu Apr 01 18:49:05 PDT 2021,Thu Apr 01 18:50:17 PDT 2021,Fri Apr 02 18:50:17 PDT 2021,Thu Apr 01 19:20:26 PDT 2021,,,72,100% (1/1),100% (1/1),100% (1/1),Red Robin,Outback,carrabbas,longhorn steakhouse,Chocolate Shake,cheese fries,pizza,hamburger,,,,,,
3ZTE0JGGDMS4YNOCPSDL1ERQXISOC7,3KIFW8VYCHONZ9HQKKZM09JQS93PBJ,"30-60 second quick survey about your favorite resturants and food, $12-24/h",Tell us your favorite chain resturants and what items you like most,"survey, food, chain, resturant, easy, fast",$0.20 ,Thu Apr 01 18:28:07 PDT 2021,101,BatchId:4391393;OriginalHitTemplateId:928390912;,300,86400,Sat Apr 03 18:28:07 PDT 2021,,,33IZTU6J8919LXPUD7VJOFIOHOYSXK,A2BF2FUO6F63N7,Approved,Thu Apr 01 18:40:15 PDT 2021,Thu Apr 01 18:43:27 PDT 2021,Fri Apr 02 18:43:27 PDT 2021,Thu Apr 01 19:20:26 PDT 2021,,,192,100% (1/1),100% (1/1),100% (1/1),Gyu-Kaku Japanese BBQ,Gen bbq,popeye,five guys,bbq,miso belly,chicken sandwich,burger,yozu sauce,no,,,,
3ZTE0JGGDMS4YNOCPSDL1ERQXISOC7,3KIFW8VYCHONZ9HQKKZM09JQS93PBJ,"30-60 second quick survey about your favorite resturants and food, $12-24/h",Tell us your favorite chain resturants and what items you like most,"survey, food, chain, resturant, easy, fast",$0.20 ,Thu Apr 01 18:28:07 PDT 2021,101,BatchId:4391393;OriginalHitTemplateId:928390912;,300,86400,Sat Apr 03 18:28:07 PDT 2021,,,33NF62TLXR2A2U7XRU7G6KJZPW5JK5,A9WFXKAF1RF5Q,Approved,Thu Apr 01 18:28:40 PDT 2021,Thu Apr 01 18:31:48 PDT 2021,Fri Apr 02 18:31:48 PDT 2021,Thu Apr 01 19:20:26 PDT 2021,,,188,100% (1/1),100% (1/1),100% (1/1),McDonald,Subway,Cheesecake Factory,California Pizza Kitchen,McDouble,Vege whole roll on Italian bread,Lunch special: salad/pizza,All on thin crust,,,,,,
3ZTE0JGGDMS4YNOCPSDL1ERQXISOC7,3KIFW8VYCHONZ9HQKKZM09JQS93PBJ,"30-60 second quick survey about your favorite resturants and food, $12-24/h",Tell us your favorite chain resturants and what items you like most,"survey, food, chain, resturant, easy, fast",$0.20 ,Thu Apr 01 18:28:07 PDT 2021,101,BatchId:4391393;OriginalHitTemplateId:928390912;,300,86400,Sat Apr 03 18:28:07 PDT 2021,,,33TIN5LC0CAGGNJ59XHUQYK7R62Y9K,ANGDCGR63UBIB,Approved,Thu Apr 01 18:28:33 PDT 2021,Thu Apr 01 18:32:53 PDT 2021,Fri Apr 02 18:32:53 PDT 2021,Thu Apr 01 19:20:26 PDT 2021,,,260,100% (1/1),100% (1/1),100% (1/1),MCDonald,KFC,Burger King,Subway,Crispy mc Bacon,Chicken nuggets,Bacon King Ranch 3.0,Sandwitchs,Chili sauce,BBQ sauce,Ranch sauce,Any Sauce,,
3ZTE0JGGDMS4YNOCPSDL1ERQXISOC7,3KIFW8VYCHONZ9HQKKZM09JQS93PBJ,"30-60 second quick survey about your favorite resturants and food, $12-24/h",Tell us your favorite chain resturants and what items you like most,"survey, food, chain, resturant, easy, fast",$0.20 ,Thu Apr 01 18:28:07 PDT 2021,101,BatchId:4391393;OriginalHitTemplateId:928390912;,300,86400,Sat Apr 03 18:28:07 PDT 2021,,,33TIN5LC0CAGGNJ59XHUQYK7R63Y9L,A13CAAOJ5GP4UQ,Approved,Thu Apr 01 18:48:32 PDT 2021,Thu Apr 01 18:49:17 PDT 2021,Fri Apr 02 18:49:17 PDT 2021,Thu Apr 01 19:20:26 PDT 2021,,,45,100% (1/1),100% (1/1),100% (1/1),Culvers,Five Guys,Wendys,Taco Bell,Ice cream,Burger,Baconator,Burrito,,,,,,
3ZTE0JGGDMS4YNOCPSDL1ERQXISOC7,3KIFW8VYCHONZ9HQKKZM09JQS93PBJ,"30-60 second quick survey about your favorite resturants and food, $12-24/h",Tell us your favorite chain resturants and what items you like most,"survey, food, chain, resturant, easy, fast",$0.20 ,Thu Apr 01 18:28:07 PDT 2021,101,BatchId:4391393;OriginalHitTemplateId:928390912;,300,86400,Sat Apr 03 18:28:07 PDT 2021,,,345LHZDED5SDKCAKINJVW0B8VQIU32,A2LEY4X3LD8G26,Approved,Thu Apr 01 18:44:32 PDT 2021,Thu Apr 01 18:45:51 PDT 2021,Fri Apr 02 18:45:51 PDT 2021,Thu Apr 01 19:20:26 PDT 2021,,,79,100% (1/1),100% (1/1),100% (1/1),Taco Bell,Wendy's,Bill Gray's,McDonalds,Cheesy Gordita Crunch,Junior Bacon Cheeseburger,Grilled Chicken Sandwich,Fries,,,,,,
3ZTE0JGGDMS4YNOCPSDL1ERQXISOC7,3KIFW8VYCHONZ9HQKKZM09JQS93PBJ,"30-60 second quick survey about your favorite resturants and food, $12-24/h",Tell us your favorite chain resturants and what items you like most,"survey, food, chain, resturant, easy, fast",$0.20 ,Thu Apr 01 18:28:07 PDT 2021,101,BatchId:4391393;OriginalHitTemplateId:928390912;,300,86400,Sat Apr 03 18:28:07 PDT 2021,,,34BBWHLWHIB52JH8YQ5JIUYUZOQIWP,A384EFVY03N5KE,Approved,Thu Apr 01 18:39:19 PDT 2021,Thu Apr 01 18:42:02 PDT 2021,Fri Apr 02 18:42:02 PDT 2021,Thu Apr 01 19:20:26 PDT 2021,,,163,100% (1/1),100% (1/1),100% (1/1),Wendy's,Arby's,McDonald's,Burger King,Chili,turkey club on whole wheat,filet-o-fish,chicken sandwich,"onions, cheese",,,,,
3ZTE0JGGDMS4YNOCPSDL1ERQXISOC7,3KIFW8VYCHONZ9HQKKZM09JQS93PBJ,"30-60 second quick survey about your favorite resturants and food, $12-24/h",Tell us your favorite chain resturants and what items you like most,"survey, food, chain, resturant, easy, fast",$0.20 ,Thu Apr 01 18:28:07 PDT 2021,101,BatchId:4391393;OriginalHitTemplateId:928390912;,300,86400,Sat Apr 03 18:28:07 PDT 2021,,,34QN5IT0T7RJ5N4AWX07YAVCVN708Y,AZBY9DS8VTPUK,Approved,Thu Apr 01 18:47:04 PDT 2021,Thu Apr 01 18:48:52 PDT 2021,Fri Apr 02 18:48:52 PDT 2021,Thu Apr 01 19:20:27 PDT 2021,,,108,100% (1/1),100% (1/1),100% (1/1),wendys,Jack in the box,burger king,mcdonalds,spicy nuggets,tacos,whopper,spicy mccchicken,,taco sauce,,,,
3ZTE0JGGDMS4YNOCPSDL1ERQXISOC7,3KIFW8VYCHONZ9HQKKZM09JQS93PBJ,"30-60 second quick survey about your favorite resturants and food, $12-24/h",Tell us your favorite chain resturants and what items you like most,"survey, food, chain, resturant, easy, fast",$0.20 ,Thu Apr 01 18:28:07 PDT 2021,101,BatchId:4391393;OriginalHitTemplateId:928390912;,300,86400,Sat Apr 03 18:28:07 PDT 2021,,,34V1S5K3G01EX39Z3EM2770ESWB69U,A182N7RLXGSCZG,Approved,Thu Apr 01 19:01:57 PDT 2021,Thu Apr 01 19:02:45 PDT 2021,Fri Apr 02 19:02:45 PDT 2021,Thu Apr 01 19:20:27 PDT 2021,,,48,100% (1/1),100% (1/1),100% (1/1),macdonald,burger king,taco bell,china moon,chicken nugget,double wooper,chicken taco,chicken brocoli,,,,,,
3ZTE0JGGDMS4YNOCPSDL1ERQXISOC7,3KIFW8VYCHONZ9HQKKZM09JQS93PBJ,"30-60 second quick survey about your favorite resturants and food, $12-24/h",Tell us your favorite chain resturants and what items you like most,"survey, food, chain, resturant, easy, fast",$0.20 ,Thu Apr 01 18:28:07 PDT 2021,101,BatchId:4391393;OriginalHitTemplateId:928390912;,300,86400,Sat Apr 03 18:28:07 PDT 2021,,,34X6J5FLP1YWDX5S4ZRD26V8O2XJQX,A3MJ7Q2DHKBTJQ,Approved,Thu Apr 01 18:29:21 PDT 2021,Thu Apr 01 18:30:42 PDT 2021,Fri Apr 02 18:30:42 PDT 2021,Thu Apr 01 19:20:27 PDT 2021,,,81,100% (1/1),100% (1/1),100% (1/1),Chick-Fil-A,Boston Market,Chipotle,Pollo Tropical,Chicken Deluxe Sandwich,Turkey plate,Chicken Bowl,Family Platter,Colby Jack Cheese,Steamed Vegetables,,Fried Yucca,,
3ZTE0JGGDMS4YNOCPSDL1ERQXISOC7,3KIFW8VYCHONZ9HQKKZM09JQS93PBJ,"30-60 second quick survey about your favorite resturants and food, $12-24/h",Tell us your favorite chain resturants and what items you like most,"survey, food, chain, resturant, easy, fast",$0.20 ,Thu Apr 01 18:28:07 PDT 2021,101,BatchId:4391393;OriginalHitTemplateId:928390912;,300,86400,Sat Apr 03 18:28:07 PDT 2021,,,3570Y55XZXJVVX6DN3N4IF6UVJXYGB,AWJV1E4SN22KJ,Approved,Thu Apr 01 18:29:34 PDT 2021,Thu Apr 01 18:32:41 PDT 2021,Fri Apr 02 18:32:41 PDT 2021,Thu Apr 01 19:20:27 PDT 2021,,,187,100% (1/1),100% (1/1),100% (1/1),KFC,McDonalds,Burger king,Pizza Hut,Chicken  nuggets spicy,Burger meat,Chicken burger,Pizza,"Finger chips, Pepsi",Pepsi,Pepsi,Pepsi,,
3ZTE0JGGDMS4YNOCPSDL1ERQXISOC7,3KIFW8VYCHONZ9HQKKZM09JQS93PBJ,"30-60 second quick survey about your favorite resturants and food, $12-24/h",Tell us your favorite chain resturants and what items you like most,"survey, food, chain, resturant, easy, fast",$0.20 ,Thu Apr 01 18:28:07 PDT 2021,101,BatchId:4391393;OriginalHitTemplateId:928390912;,300,86400,Sat Apr 03 18:28:07 PDT 2021,,,35BLDD71IEXEIK6D8KO9WNI6OSPVZO,A3HGZDLMCKGPSE,Approved,Thu Apr 01 18:31:58 PDT 2021,Thu Apr 01 18:33:22 PDT 2021,Fri Apr 02 18:33:22 PDT 2021,Thu Apr 01 19:20:27 PDT 2021,,,84,100% (1/1),100% (1/1),100% (1/1),Cheesecake Factory,Wendys,Chili's,Burger King,Peanut Butter Cheesecake,Chicken Sandwich,Burger,Breaded Chicken Sandwich,,,,,,
3ZTE0JGGDMS4YNOCPSDL1ERQXISOC7,3KIFW8VYCHONZ9HQKKZM09JQS93PBJ,"30-60 second quick survey about your favorite resturants and food, $12-24/h",Tell us your favorite chain resturants and what items you like most,"survey, food, chain, resturant, easy, fast",$0.20 ,Thu Apr 01 18:28:07 PDT 2021,101,BatchId:4391393;OriginalHitTemplateId:928390912;,300,86400,Sat Apr 03 18:28:07 PDT 2021,,,3634BBTX0WU3RXVD81VJE6CU4L0IFR,A3NNDNMBKSZ22H,Approved,Thu Apr 01 18:39:56 PDT 2021,Thu Apr 01 18:41:10 PDT 2021,Fri Apr 02 18:41:10 PDT 2021,Thu Apr 01 19:20:27 PDT 2021,,,74,100% (1/1),100% (1/1),100% (1/1),Mcdonalds,burger king,kfc,subway,mc double,whopper,chicken,cold cut,mac sauce,no,,,,
3ZTE0JGGDMS4YNOCPSDL1ERQXISOC7,3KIFW8VYCHONZ9HQKKZM09JQS93PBJ,"30-60 second quick survey about your favorite resturants and food, $12-24/h",Tell us your favorite chain resturants and what items you like most,"survey, food, chain, resturant, easy, fast",$0.20 ,Thu Apr 01 18:28:07 PDT 2021,101,BatchId:4391393;OriginalHitTemplateId:928390912;,300,86400,Sat Apr 03 18:28:07 PDT 2021,,,37QW5D2ZROMJ6WOM5ZJR8G1VQFQ8ST,A2ZKMDAQ3XUVCT,Approved,Thu Apr 01 18:55:39 PDT 2021,Thu Apr 01 19:00:19 PDT 2021,Fri Apr 02 19:00:19 PDT 2021,Thu Apr 01 19:20:27 PDT 2021,,,280,100% (1/1),100% (1/1),100% (1/1),Camila's Brazilian Restaurant,Tony's Brazilian Grill,Agave Azul Orlando,Venetian Pizza Orlando,meat with potato,Roast beef,taco,pizza,none,none,none,none,,
3ZTE0JGGDMS4YNOCPSDL1ERQXISOC7,3KIFW8VYCHONZ9HQKKZM09JQS93PBJ,"30-60 second quick survey about your favorite resturants and food, $12-24/h",Tell us your favorite chain resturants and what items you like most,"survey, food, chain, resturant, easy, fast",$0.20 ,Thu Apr 01 18:28:07 PDT 2021,101,BatchId:4391393;OriginalHitTemplateId:928390912;,300,86400,Sat Apr 03 18:28:07 PDT 2021,,,37Z929RLGH824GGA8XUMZCXI4S9TS1,AB5HO1K9GIFPG,Approved,Thu Apr 01 18:28:41 PDT 2021,Thu Apr 01 18:30:40 PDT 2021,Fri Apr 02 18:30:40 PDT 2021,Thu Apr 01 19:20:28 PDT 2021,,,119,100% (1/1),100% (1/1),100% (1/1),Zaxbys,Popeyes,McDonalds,Wendys,Big Zax Snack Meal,Original Chicken Sandwich,Spicy Crispy Chicken Sandwich,Vanilla Frosty,,,,,,
3ZTE0JGGDMS4YNOCPSDL1ERQXISOC7,3KIFW8VYCHONZ9HQKKZM09JQS93PBJ,"30-60 second quick survey about your favorite resturants and food, $12-24/h",Tell us your favorite chain resturants and what items you like most,"survey, food, chain, resturant, easy, fast",$0.20 ,Thu Apr 01 18:28:07 PDT 2021,101,BatchId:4391393;OriginalHitTemplateId:928390912;,300,86400,Sat Apr 03 18:28:07 PDT 2021,,,384PI804X011O7JJAV6CF1VD7HD0SX,A9E9L9MWEZOPN,Approved,Thu Apr 01 18:37:19 PDT 2021,Thu Apr 01 18:39:06 PDT 2021,Fri Apr 02 18:39:06 PDT 2021,Thu Apr 01 19:20:28 PDT 2021,,,107,100% (1/1),100% (1/1),100% (1/1),Kfc,Meat and eat,Dindugul thalapakatti,A2b,Crispy fried  chicken,Burger,Briyani,Curd vadai,Ketchup,,,,,
3ZTE0JGGDMS4YNOCPSDL1ERQXISOC7,3KIFW8VYCHONZ9HQKKZM09JQS93PBJ,"30-60 second quick survey about your favorite resturants and food, $12-24/h",Tell us your favorite chain resturants and what items you like most,"survey, food, chain, resturant, easy, fast",$0.20 ,Thu Apr 01 18:28:07 PDT 2021,101,BatchId:4391393;OriginalHitTemplateId:928390912;,300,86400,Sat Apr 03 18:28:07 PDT 2021,,,3A1PQ49WVPHC5NQLVKYDPS7L3Y2H1W,A2N53V9713PZG3,Approved,Thu Apr 01 18:44:24 PDT 2021,Thu Apr 01 18:47:02 PDT 2021,Fri Apr 02 18:47:02 PDT 2021,Thu Apr 01 19:20:28 PDT 2021,,,158,100% (1/1),100% (1/1),100% (1/1),Captain D's,Raising Cane's,Wendy's,Sonic,Cod fish,Chicken Finger Combo,Baconator,Mozzerella Sticks,Tartar Sauce,There special chicken sauce,add bacon,Marinara Sauce,,
3ZTE0JGGDMS4YNOCPSDL1ERQXISOC7,3KIFW8VYCHONZ9HQKKZM09JQS93PBJ,"30-60 second quick survey about your favorite resturants and food, $12-24/h",Tell us your favorite chain resturants and what items you like most,"survey, food, chain, resturant, easy, fast",$0.20 ,Thu Apr 01 18:28:07 PDT 2021,101,BatchId:4391393;OriginalHitTemplateId:928390912;,300,86400,Sat Apr 03 18:28:07 PDT 2021,,,3AAPLD8UCKHDE72UX3INVYQGVHSTHG,A2BKRXTTEE6F1K,Approved,Thu Apr 01 18:31:41 PDT 2021,Thu Apr 01 18:34:52 PDT 2021,Fri Apr 02 18:34:52 PDT 2021,Thu Apr 01 19:20:28 PDT 2021,,,191,100% (1/1),100% (1/1),100% (1/1),Mcdonalds,Arbys,Panda Express,Sonnys BBQ,Cheeseburger,Beef and cheddar sandwich,Sweet and Sour Chicken,Sliced Beef Sandwich,No onions,bbq sweet sauce,chicken fried rice,Sonnys Sweet BBQ sauce,,
3ZTE0JGGDMS4YNOCPSDL1ERQXISOC7,3KIFW8VYCHONZ9HQKKZM09JQS93PBJ,"30-60 second quick survey about your favorite resturants and food, $12-24/h",Tell us your favorite chain resturants and what items you like most,"survey, food, chain, resturant, easy, fast",$0.20 ,Thu Apr 01 18:28:07 PDT 2021,101,BatchId:4391393;OriginalHitTemplateId:928390912;,300,86400,Sat Apr 03 18:28:07 PDT 2021,,,3ATPCQ38JGAUL6TA13VUMTVRXOKYAZ,A2MCRVU8I9VNHG,Approved,Thu Apr 01 18:30:32 PDT 2021,Thu Apr 01 18:32:18 PDT 2021,Fri Apr 02 18:32:18 PDT 2021,Thu Apr 01 19:20:28 PDT 2021,,,106,100% (1/1),100% (1/1),100% (1/1),Pizza Hut,Jack in the Box,Burger King,Chick-Fil-A,Pepperoni Pan Pizza,Chocolate Milk Shake,Whopper,Waffle Fries,,,,,,
3ZTE0JGGDMS4YNOCPSDL1ERQXISOC7,3KIFW8VYCHONZ9HQKKZM09JQS93PBJ,"30-60 second quick survey about your favorite resturants and food, $12-24/h",Tell us your favorite chain resturants and what items you like most,"survey, food, chain, resturant, easy, fast",$0.20 ,Thu Apr 01 18:28:07 PDT 2021,101,BatchId:4391393;OriginalHitTemplateId:928390912;,300,86400,Sat Apr 03 18:28:07 PDT 2021,,,3AZHRG4CUCKX4QY4KG5B7TN1F1F036,ALDQRWYZ8KQ9A,Approved,Thu Apr 01 18:50:56 PDT 2021,Thu Apr 01 18:52:43 PDT 2021,Fri Apr 02 18:52:43 PDT 2021,Thu Apr 01 19:20:28 PDT 2021,,,107,100% (1/1),100% (1/1),100% (1/1),Jack in the Box,A&W,Arby's,Wendy's,Ultimate Cheeseburger,Papa Burger,Traditional Greek gyro,Baconator,n/a,n/a,n/a,n/a,,
3ZTE0JGGDMS4YNOCPSDL1ERQXISOC7,3KIFW8VYCHONZ9HQKKZM09JQS93PBJ,"30-60 second quick survey about your favorite resturants and food, $12-24/h",Tell us your favorite chain resturants and what items you like most,"survey, food, chain, resturant, easy, fast",$0.20 ,Thu Apr 01 18:28:07 PDT 2021,101,BatchId:4391393;OriginalHitTemplateId:928390912;,300,86400,Sat Apr 03 18:28:07 PDT 2021,,,3BF51CHDT3ACYY53Z1UDBNOBY6VH0S,AMQGOTPBRWYSF,Approved,Thu Apr 01 18:28:24 PDT 2021,Thu Apr 01 18:29:43 PDT 2021,Fri Apr 02 18:29:43 PDT 2021,Thu Apr 01 19:20:28 PDT 2021,,,79,100% (1/1),100% (1/1),100% (1/1),mcdonalds,popeyes,burger king,white castle,big mac,POPCORN chicken,cheesebuerger,small dollar hamburgers,bacon,sauces,none,none,,
3ZTE0JGGDMS4YNOCPSDL1ERQXISOC7,3KIFW8VYCHONZ9HQKKZM09JQS93PBJ,"30-60 second quick survey about your favorite resturants and food, $12-24/h",Tell us your favorite chain resturants and what items you like most,"survey, food, chain, resturant, easy, fast",$0.20 ,Thu Apr 01 18:28:07 PDT 2021,101,BatchId:4391393;OriginalHitTemplateId:928390912;,300,86400,Sat Apr 03 18:28:07 PDT 2021,,,3COPXFW7XJC6O5AVM7C03G5BYVDKP8,A1B179AI3LZKWS,Approved,Thu Apr 01 18:51:08 PDT 2021,Thu Apr 01 18:53:17 PDT 2021,Fri Apr 02 18:53:17 PDT 2021,Thu Apr 01 19:20:29 PDT 2021,,,129,100% (1/1),100% (1/1),100% (1/1),PF Changs,Carl's Jr,KFC,Chick-Fil A,Spicy Lettuce Cups,Santa Fe Chicken sandwich,Original recipe fried chicken,Grilled chicken sandwich,House sauce,,,Polynesian sauce,,
3ZTE0JGGDMS4YNOCPSDL1ERQXISOC7,3KIFW8VYCHONZ9HQKKZM09JQS93PBJ,"30-60 second quick survey about your favorite resturants and food, $12-24/h",Tell us your favorite chain resturants and what items you like most,"survey, food, chain, resturant, easy, fast",$0.20 ,Thu Apr 01 18:28:07 PDT 2021,101,BatchId:4391393;OriginalHitTemplateId:928390912;,300,86400,Sat Apr 03 18:28:07 PDT 2021,,,3CPLWGV3MWZM4OFR2V8J9IM0NMZN9K,A7UTF5W1NKX4X,Approved,Thu Apr 01 18:37:21 PDT 2021,Thu Apr 01 18:39:44 PDT 2021,Fri Apr 02 18:39:44 PDT 2021,Thu Apr 01 19:20:29 PDT 2021,,,143,100% (1/1),100% (1/1),100% (1/1),Wendys,Chic fil a,Hardees,Subway,Chili,Nuggets,Chicken tenders,Steak sub,Hot sauce,Salt,BBQ sauce,Xtra cheese,,
3ZTE0JGGDMS4YNOCPSDL1ERQXISOC7,3KIFW8VYCHONZ9HQKKZM09JQS93PBJ,"30-60 second quick survey about your favorite resturants and food, $12-24/h",Tell us your favorite chain resturants and what items you like most,"survey, food, chain, resturant, easy, fast",$0.20 ,Thu Apr 01 18:28:07 PDT 2021,101,BatchId:4391393;OriginalHitTemplateId:928390912;,300,86400,Sat Apr 03 18:28:07 PDT 2021,,,3DY4FPOOA9O5GTKMY3UWAKG7FB6VRV,A1RCVIJAS2Z3GC,Approved,Thu Apr 01 18:28:30 PDT 2021,Thu Apr 01 18:31:24 PDT 2021,Fri Apr 02 18:31:24 PDT 2021,Thu Apr 01 19:20:29 PDT 2021,,,174,100% (1/1),100% (1/1),100% (1/1),Chick Fila,chipotle,taco bell,jimmy johns,spicy chicken sandwich,chicken burrito bowl,spicy potato soft taco,italian night club sub,,,,,,
3ZTE0JGGDMS4YNOCPSDL1ERQXISOC7,3KIFW8VYCHONZ9HQKKZM09JQS93PBJ,"30-60 second quick survey about your favorite resturants and food, $12-24/h",Tell us your favorite chain resturants and what items you like most,"survey, food, chain, resturant, easy, fast",$0.20 ,Thu Apr 01 18:28:07 PDT 2021,101,BatchId:4391393;OriginalHitTemplateId:928390912;,300,86400,Sat Apr 03 18:28:07 PDT 2021,,,3EG49X3512C4YZRX6USGNAMWZZ0X62,ARPBDM5QZ4XQC,Approved,Thu Apr 01 18:34:59 PDT 2021,Thu Apr 01 18:35:41 PDT 2021,Fri Apr 02 18:35:41 PDT 2021,Thu Apr 01 19:20:29 PDT 2021,,,42,100% (1/1),100% (1/1),100% (1/1),Burger King,Zaxbys,taco bell,wendys,Whopper,hot wings,7 layer burrito,chicken sandwhich,onion rings,,,,,
3ZTE0JGGDMS4YNOCPSDL1ERQXISOC7,3KIFW8VYCHONZ9HQKKZM09JQS93PBJ,"30-60 second quick survey about your favorite resturants and food, $12-24/h",Tell us your favorite chain resturants and what items you like most,"survey, food, chain, resturant, easy, fast",$0.20 ,Thu Apr 01 18:28:07 PDT 2021,101,BatchId:4391393;OriginalHitTemplateId:928390912;,300,86400,Sat Apr 03 18:28:07 PDT 2021,,,3EQHHY4HQ0SXT9WTC1I77I810EUG5E,A2H8HVANGF4A58,Approved,Thu Apr 01 18:40:32 PDT 2021,Thu Apr 01 18:41:39 PDT 2021,Fri Apr 02 18:41:39 PDT 2021,Thu Apr 01 19:20:29 PDT 2021,,,67,100% (1/1),100% (1/1),100% (1/1),Texas roadhouse,Popeyes,Wendy's,McDonald's,Mushroom steak,Chicken Sandwich,Bacon Cheeseburger,Chicken nuggets,,,,,,
3ZTE0JGGDMS4YNOCPSDL1ERQXISOC7,3KIFW8VYCHONZ9HQKKZM09JQS93PBJ,"30-60 second quick survey about your favorite resturants and food, $12-24/h",Tell us your favorite chain resturants and what items you like most,"survey, food, chain, resturant, easy, fast",$0.20 ,Thu Apr 01 18:28:07 PDT 2021,101,BatchId:4391393;OriginalHitTemplateId:928390912;,300,86400,Sat Apr 03 18:28:07 PDT 2021,,,3FK0YFF9P7GX90137NZ6BH5A0HJVVO,A3OPRR8AXT6OSJ,Approved,Thu Apr 01 18:33:35 PDT 2021,Thu Apr 01 18:35:14 PDT 2021,Fri Apr 02 18:35:14 PDT 2021,Thu Apr 01 19:20:29 PDT 2021,,,99,100% (1/1),100% (1/1),100% (1/1),Wendy's,Arby's,McDonalds,Taco Bell,Spicy Chicken Sandwich,Roast Beef Sandwich,Cheeseburger,Nachos Bell Grande,,,,,,
3ZTE0JGGDMS4YNOCPSDL1ERQXISOC7,3KIFW8VYCHONZ9HQKKZM09JQS93PBJ,"30-60 second quick survey about your favorite resturants and food, $12-24/h",Tell us your favorite chain resturants and what items you like most,"survey, food, chain, resturant, easy, fast",$0.20 ,Thu Apr 01 18:28:07 PDT 2021,101,BatchId:4391393;OriginalHitTemplateId:928390912;,300,86400,Sat Apr 03 18:28:07 PDT 2021,,,3FTF2T8WLZICRIO5UWZ651ZRGY49WY,A2KDZ4HNHX85OR,Approved,Thu Apr 01 18:49:34 PDT 2021,Thu Apr 01 18:50:38 PDT 2021,Fri Apr 02 18:50:38 PDT 2021,Thu Apr 01 19:20:29 PDT 2021,,,64,100% (1/1),100% (1/1),100% (1/1),Chipotle,Wendys,Applebees,Buffalo Wild Wings,Bean Burrito,4 for 4,Chicken Alfredo,Party Tacos,,,,,,
3ZTE0JGGDMS4YNOCPSDL1ERQXISOC7,3KIFW8VYCHONZ9HQKKZM09JQS93PBJ,"30-60 second quick survey about your favorite resturants and food, $12-24/h",Tell us your favorite chain resturants and what items you like most,"survey, food, chain, resturant, easy, fast",$0.20 ,Thu Apr 01 18:28:07 PDT 2021,101,BatchId:4391393;OriginalHitTemplateId:928390912;,300,86400,Sat Apr 03 18:28:07 PDT 2021,,,3GA6AFUKOWO8FQ40IOCWDLMI1IFH3N,A2CYT1T5918U1V,Approved,Thu Apr 01 18:28:39 PDT 2021,Thu Apr 01 18:30:37 PDT 2021,Fri Apr 02 18:30:37 PDT 2021,Thu Apr 01 19:20:29 PDT 2021,,,118,100% (1/1),100% (1/1),100% (1/1),Chickfila,Wendys,Burger King,McDonalds,Grilled chicken wrap,Baked potato,Whopper,Big Mac,Chickfila sauce,Sour cream and chives,,,,
3ZTE0JGGDMS4YNOCPSDL1ERQXISOC7,3KIFW8VYCHONZ9HQKKZM09JQS93PBJ,"30-60 second quick survey about your favorite resturants and food, $12-24/h",Tell us your favorite chain resturants and what items you like most,"survey, food, chain, resturant, easy, fast",$0.20 ,Thu Apr 01 18:28:07 PDT 2021,101,BatchId:4391393;OriginalHitTemplateId:928390912;,300,86400,Sat Apr 03 18:28:07 PDT 2021,,,3GU1KF0O4Q15V261GUZ74DMLB15BPG,A20QXCW2IQ1JTI,Approved,Thu Apr 01 19:07:17 PDT 2021,Thu Apr 01 19:09:20 PDT 2021,Fri Apr 02 19:09:20 PDT 2021,Thu Apr 01 19:20:30 PDT 2021,,,123,100% (1/1),100% (1/1),100% (1/1),Stone fire,bread,pastra,salad,pizza,chicken salad,chicken salad,bread,juice,soda,bread,juice,,
3ZTE0JGGDMS4YNOCPSDL1ERQXISOC7,3KIFW8VYCHONZ9HQKKZM09JQS93PBJ,"30-60 second quick survey about your favorite resturants and food, $12-24/h",Tell us your favorite chain resturants and what items you like most,"survey, food, chain, resturant, easy, fast",$0.20 ,Thu Apr 01 18:28:07 PDT 2021,101,BatchId:4391393;OriginalHitTemplateId:928390912;,300,86400,Sat Apr 03 18:28:07 PDT 2021,,,3H0W84IWBS2OEIY03D5MAGSLFG3ER8,A16GH5GPKBX5GA,Approved,Thu Apr 01 18:29:19 PDT 2021,Thu Apr 01 18:32:37 PDT 2021,Fri Apr 02 18:32:37 PDT 2021,Thu Apr 01 19:20:30 PDT 2021,,,198,100% (1/1),100% (1/1),100% (1/1),Walmart,Walgreen,Chick fill-A,Dollar general tree store,Sanwhich,Veage sandwhich,chicken deluxe sandwich,Chicken gravy,Tomato sauce,chilli sauce,Sauce,NO,,
3ZTE0JGGDMS4YNOCPSDL1ERQXISOC7,3KIFW8VYCHONZ9HQKKZM09JQS93PBJ,"30-60 second quick survey about your favorite resturants and food, $12-24/h",Tell us your favorite chain resturants and what items you like most,"survey, food, chain, resturant, easy, fast",$0.20 ,Thu Apr 01 18:28:07 PDT 2021,101,BatchId:4391393;OriginalHitTemplateId:928390912;,300,86400,Sat Apr 03 18:28:07 PDT 2021,,,3HPZF4IVNUTIELQ8LHRLSOLFXR5YC1,A3NFGEUZAH9V5G,Approved,Thu Apr 01 18:28:47 PDT 2021,Thu Apr 01 18:30:20 PDT 2021,Fri Apr 02 18:30:20 PDT 2021,Thu Apr 01 19:20:30 PDT 2021,,,93,100% (1/1),100% (1/1),100% (1/1),Mcdonalds,Taco Bell,Arby's,Wendy's,BigMac,Beef burrito,buffalo chicken sandwich,classic delux,extra pickles,extra beef,na,na,,
3ZTE0JGGDMS4YNOCPSDL1ERQXISOC7,3KIFW8VYCHONZ9HQKKZM09JQS93PBJ,"30-60 second quick survey about your favorite resturants and food, $12-24/h",Tell us your favorite chain resturants and what items you like most,"survey, food, chain, resturant, easy, fast",$0.20 ,Thu Apr 01 18:28:07 PDT 2021,101,BatchId:4391393;OriginalHitTemplateId:928390912;,300,86400,Sat Apr 03 18:28:07 PDT 2021,,,3HRMW88U1EQYQC6EQYAQ3SW7FSWM08,A1LEW4F5GXZRAQ,Approved,Thu Apr 01 18:57:35 PDT 2021,Thu Apr 01 19:00:26 PDT 2021,Fri Apr 02 19:00:26 PDT 2021,Thu Apr 01 19:20:30 PDT 2021,,,171,100% (1/1),100% (1/1),100% (1/1),Texas Roadhouse,Jack in the Box,McDonald's,Cheesecake Factory,Steak,Jack's Spicy Chicken,Hot n Spicy Chicken Sandwich,Tiramisu Cheesecake,As Is,As Is,add tomato,As Is,,
3ZTE0JGGDMS4YNOCPSDL1ERQXISOC7,3KIFW8VYCHONZ9HQKKZM09JQS93PBJ,"30-60 second quick survey about your favorite resturants and food, $12-24/h",Tell us your favorite chain resturants and what items you like most,"survey, food, chain, resturant, easy, fast",$0.20 ,Thu Apr 01 18:28:07 PDT 2021,101,BatchId:4391393;OriginalHitTemplateId:928390912;,300,86400,Sat Apr 03 18:28:07 PDT 2021,,,3HVVDCPGTMSZ02SJ73MBHYLJLD6TYG,A1TOHB51QFI0Z8,Approved,Thu Apr 01 18:44:01 PDT 2021,Thu Apr 01 18:45:38 PDT 2021,Fri Apr 02 18:45:38 PDT 2021,Thu Apr 01 19:20:30 PDT 2021,,,97,100% (1/1),100% (1/1),100% (1/1),McDonalds,Chick-Fil-A,Taco Bell,Chicken Express,Triple Cheeseburger,Chicken Sandwich,Quesorito,Chicken tender meal,Nope,Chick Fil A sauce,Nope,Nope,,
3ZTE0JGGDMS4YNOCPSDL1ERQXISOC7,3KIFW8VYCHONZ9HQKKZM09JQS93PBJ,"30-60 second quick survey about your favorite resturants and food, $12-24/h",Tell us your favorite chain resturants and what items you like most,"survey, food, chain, resturant, easy, fast",$0.20 ,Thu Apr 01 18:28:07 PDT 2021,101,BatchId:4391393;OriginalHitTemplateId:928390912;,300,86400,Sat Apr 03 18:28:07 PDT 2021,,,3IGI0VL64FKPBBJX4KR168HPILLNOY,A2GZUEH8JPPBP,Approved,Thu Apr 01 18:38:41 PDT 2021,Thu Apr 01 18:41:32 PDT 2021,Fri Apr 02 18:41:32 PDT 2021,Thu Apr 01 19:20:30 PDT 2021,,,171,100% (1/1),100% (1/1),100% (1/1),KFC,Mcdonald,Burgerlounge,Lebanese flower,Fried chicken,Chicken cheesy burger,Double cheese chicken burger,Chicken kabab mixed,French fries,,,,,
3ZTE0JGGDMS4YNOCPSDL1ERQXISOC7,3KIFW8VYCHONZ9HQKKZM09JQS93PBJ,"30-60 second quick survey about your favorite resturants and food, $12-24/h",Tell us your favorite chain resturants and what items you like most,"survey, food, chain, resturant, easy, fast",$0.20 ,Thu Apr 01 18:28:07 PDT 2021,101,BatchId:4391393;OriginalHitTemplateId:928390912;,300,86400,Sat Apr 03 18:28:07 PDT 2021,,,3IXQG4FA21YK3FQUZ53AINM66XRB9P,AS98H99LN5LLU,Approved,Thu Apr 01 19:35:15 PDT 2021,Thu Apr 01 19:37:34 PDT 2021,Fri Apr 02 19:37:34 PDT 2021,Fri Apr 02 17:33:53 PDT 2021,,,139,100% (1/1),100% (1/1),100% (1/1),KFC,McDonalds,XinXian,Starbucks,Thai soup thik,Sub sandwich,Fried rice,Cold coffee,,,,,,
3ZTE0JGGDMS4YNOCPSDL1ERQXISOC7,3KIFW8VYCHONZ9HQKKZM09JQS93PBJ,"30-60 second quick survey about your favorite resturants and food, $12-24/h",Tell us your favorite chain resturants and what items you like most,"survey, food, chain, resturant, easy, fast",$0.20 ,Thu Apr 01 18:28:07 PDT 2021,101,BatchId:4391393;OriginalHitTemplateId:928390912;,300,86400,Sat Apr 03 18:28:07 PDT 2021,,,3J2UYBXQQTCW19LM3I39EWZLPSG06B,A345RMXKPKS5AD,Approved,Thu Apr 01 18:35:43 PDT 2021,Thu Apr 01 18:37:34 PDT 2021,Fri Apr 02 18:37:34 PDT 2021,Thu Apr 01 19:20:30 PDT 2021,,,111,100% (1/1),100% (1/1),100% (1/1),Texas Roadhouse,Outback Steak House,Olive Garden,Godfather's Pizza,Porterhouse Steak,The French Onion Soup,The Zuppa Toscanno Soup,Large Pepperoni Pizza,Mushrooms,"Yes, Love the unlimited bowl","Yes, Unlimited bowls.",No,,
3ZTE0JGGDMS4YNOCPSDL1ERQXISOC7,3KIFW8VYCHONZ9HQKKZM09JQS93PBJ,"30-60 second quick survey about your favorite resturants and food, $12-24/h",Tell us your favorite chain resturants and what items you like most,"survey, food, chain, resturant, easy, fast",$0.20 ,Thu Apr 01 18:28:07 PDT 2021,101,BatchId:4391393;OriginalHitTemplateId:928390912;,300,86400,Sat Apr 03 18:28:07 PDT 2021,,,3JPSL1DZ50Z097PWU1MJ5DXKT4HANM,ASY5W2HJPIPF4,Approved,Thu Apr 01 18:35:49 PDT 2021,Thu Apr 01 18:37:42 PDT 2021,Fri Apr 02 18:37:42 PDT 2021,Thu Apr 01 19:20:31 PDT 2021,,,113,100% (1/1),100% (1/1),100% (1/1),Burger King,Taco Bell,Sonic,McDonalds,Impossible Whopper,Potato Soft Taco,Tater Tots,Apple Pie,,,,,,
3ZTE0JGGDMS4YNOCPSDL1ERQXISOC7,3KIFW8VYCHONZ9HQKKZM09JQS93PBJ,"30-60 second quick survey about your favorite resturants and food, $12-24/h",Tell us your favorite chain resturants and what items you like most,"survey, food, chain, resturant, easy, fast",$0.20 ,Thu Apr 01 18:28:07 PDT 2021,101,BatchId:4391393;OriginalHitTemplateId:928390912;,300,86400,Sat Apr 03 18:28:07 PDT 2021,,,3JWH6J9I90D5SHUO0FMF0OHQBM2BNI,AM36K1JYK4SC1,Approved,Thu Apr 01 18:38:38 PDT 2021,Thu Apr 01 18:41:38 PDT 2021,Fri Apr 02 18:41:38 PDT 2021,Thu Apr 01 19:20:31 PDT 2021,,,180,100% (1/1),100% (1/1),100% (1/1),Olive Garden,Wendys,McDonalds,The Cheesecake Factory,Create my own pasta dishes,Double cheese burger,McChicken,Cheesecake,Extra cheese,,,,,
3ZTE0JGGDMS4YNOCPSDL1ERQXISOC7,3KIFW8VYCHONZ9HQKKZM09JQS93PBJ,"30-60 second quick survey about your favorite resturants and food, $12-24/h",Tell us your favorite chain resturants and what items you like most,"survey, food, chain, resturant, easy, fast",$0.20 ,Thu Apr 01 18:28:07 PDT 2021,101,BatchId:4391393;OriginalHitTemplateId:928390912;,300,86400,Sat Apr 03 18:28:07 PDT 2021,,,3K4J6M3CXMTUZF8A7X9OFTONSSXAGG,A2KDYSLV030FVX,Approved,Thu Apr 01 19:04:53 PDT 2021,Thu Apr 01 19:07:09 PDT 2021,Fri Apr 02 19:07:09 PDT 2021,Thu Apr 01 19:20:31 PDT 2021,,,136,100% (1/1),100% (1/1),100% (1/1),McDonalds,dominos,Pizza hut,Taco bell,Basket of Fries,Wisconsin six cheese,original cheese pizza,XL grilled stuffed burrito,No,no,no,mild sauce,,
3ZTE0JGGDMS4YNOCPSDL1ERQXISOC7,3KIFW8VYCHONZ9HQKKZM09JQS93PBJ,"30-60 second quick survey about your favorite resturants and food, $12-24/h",Tell us your favorite chain resturants and what items you like most,"survey, food, chain, resturant, easy, fast",$0.20 ,Thu Apr 01 18:28:07 PDT 2021,101,BatchId:4391393;OriginalHitTemplateId:928390912;,300,86400,Sat Apr 03 18:28:07 PDT 2021,,,3KYQYYSHY37GPZSKFQDYA35V4HIODG,A21Y7K669KM1PR,Approved,Thu Apr 01 18:28:57 PDT 2021,Thu Apr 01 18:30:32 PDT 2021,Fri Apr 02 18:30:32 PDT 2021,Thu Apr 01 19:20:31 PDT 2021,,,95,100% (1/1),100% (1/1),100% (1/1),Chick Fil A,Chipotle,Wendys,Culvers,Grilled Chicken Sandwich,Tacos,grilled Chicken,Grilled Chicken sandwich,Waffle Fries,Guac,Baked Potato,Frozen custard,,
3ZTE0JGGDMS4YNOCPSDL1ERQXISOC7,3KIFW8VYCHONZ9HQKKZM09JQS93PBJ,"30-60 second quick survey about your favorite resturants and food, $12-24/h",Tell us your favorite chain resturants and what items you like most,"survey, food, chain, resturant, easy, fast",$0.20 ,Thu Apr 01 18:28:07 PDT 2021,101,BatchId:4391393;OriginalHitTemplateId:928390912;,300,86400,Sat Apr 03 18:28:07 PDT 2021,,,3L4D84MIL7SJ046PL94JTS37XF3HJ1,A2ZDQ7YVKJUV8E,Approved,Thu Apr 01 18:58:29 PDT 2021,Thu Apr 01 18:59:07 PDT 2021,Fri Apr 02 18:59:07 PDT 2021,Thu Apr 01 19:20:31 PDT 2021,,,38,100% (1/1),100% (1/1),100% (1/1),Mcdonalds,KFC,Dominoes,Burger King,Big Mac,Zinger Burger,Meat Feast,Whopper,,,,,,
3ZTE0JGGDMS4YNOCPSDL1ERQXISOC7,3KIFW8VYCHONZ9HQKKZM09JQS93PBJ,"30-60 second quick survey about your favorite resturants and food, $12-24/h",Tell us your favorite chain resturants and what items you like most,"survey, food, chain, resturant, easy, fast",$0.20 ,Thu Apr 01 18:28:07 PDT 2021,101,BatchId:4391393;OriginalHitTemplateId:928390912;,300,86400,Sat Apr 03 18:28:07 PDT 2021,,,3LEIZ60CDRZGLDTA5JJD45T9X089ZO,A1TA30P0NOOGE2,Approved,Thu Apr 01 18:49:12 PDT 2021,Thu Apr 01 18:50:14 PDT 2021,Fri Apr 02 18:50:14 PDT 2021,Thu Apr 01 19:20:31 PDT 2021,,,62,100% (1/1),100% (1/1),100% (1/1),McDonald,Burger King,Pizza Hut,Dominos,Big Mac,Whopper,Pepperoni Pizza,Hawaian Pizza,,,,,,
3ZTE0JGGDMS4YNOCPSDL1ERQXISOC7,3KIFW8VYCHONZ9HQKKZM09JQS93PBJ,"30-60 second quick survey about your favorite resturants and food, $12-24/h",Tell us your favorite chain resturants and what items you like most,"survey, food, chain, resturant, easy, fast",$0.20 ,Thu Apr 01 18:28:07 PDT 2021,101,BatchId:4391393;OriginalHitTemplateId:928390912;,300,86400,Sat Apr 03 18:28:07 PDT 2021,,,3M0NZ3JDP9YXKQRY2T6WSPO7B4NZ5L,A2R25RH05K0B68,Approved,Thu Apr 01 18:31:28 PDT 2021,Thu Apr 01 18:34:37 PDT 2021,Fri Apr 02 18:34:37 PDT 2021,Thu Apr 01 19:20:31 PDT 2021,,,189,100% (1/1),100% (1/1),100% (1/1),McDonalds,Arbys,Pizza Hut,Kentucky Fried Chicken,crispy chicken sandwich,Beef and cheddar sandwich,Supreme stuffed crust pizza,2 piece fried chicken meal,no,Arby's sauce,no,coleslaw and potatoes and gravy,,
3ZTE0JGGDMS4YNOCPSDL1ERQXISOC7,3KIFW8VYCHONZ9HQKKZM09JQS93PBJ,"30-60 second quick survey about your favorite resturants and food, $12-24/h",Tell us your favorite chain resturants and what items you like most,"survey, food, chain, resturant, easy, fast",$0.20 ,Thu Apr 01 18:28:07 PDT 2021,101,BatchId:4391393;OriginalHitTemplateId:928390912;,300,86400,Sat Apr 03 18:28:07 PDT 2021,,,3M1CVSFP685LC42OATE097SPYF4AQ9,A25OK203N0QYH2,Approved,Thu Apr 01 18:36:32 PDT 2021,Thu Apr 01 18:38:22 PDT 2021,Fri Apr 02 18:38:22 PDT 2021,Thu Apr 01 19:20:32 PDT 2021,,,110,100% (1/1),100% (1/1),100% (1/1),Panera Bread,Moe's,Wendy's,Chick-Fil-A,Fuji Apple Chicken Salad,Stacks,Spicy Chicken Sandwich,Grilled Chicken Sandwich,,,,,,
3ZTE0JGGDMS4YNOCPSDL1ERQXISOC7,3KIFW8VYCHONZ9HQKKZM09JQS93PBJ,"30-60 second quick survey about your favorite resturants and food, $12-24/h",Tell us your favorite chain resturants and what items you like most,"survey, food, chain, resturant, easy, fast",$0.20 ,Thu Apr 01 18:28:07 PDT 2021,101,BatchId:4391393;OriginalHitTemplateId:928390912;,300,86400,Sat Apr 03 18:28:07 PDT 2021,,,3M81GAB8A8JQVE7GG7EW4ICVGXPQBK,AAFM5PPF9P0W,Approved,Thu Apr 01 18:39:43 PDT 2021,Thu Apr 01 18:42:24 PDT 2021,Fri Apr 02 18:42:24 PDT 2021,Thu Apr 01 19:20:32 PDT 2021,,,161,100% (1/1),100% (1/1),100% (1/1),Chick-fil-a,Arby's,Cook Out,McDonalds,Regular Chick-fil-a sandwich,Curly Fries,Bacon Cheeseburger,Chicken McNuggets,Chick-fil-a sauce and pickles,,"Lettuce, tomato, light onion, mayo, mustard, ketchup, pickles, and a napkin!",Sweet 'n' Sour sauce,,
3ZTE0JGGDMS4YNOCPSDL1ERQXISOC7,3KIFW8VYCHONZ9HQKKZM09JQS93PBJ,"30-60 second quick survey about your favorite resturants and food, $12-24/h",Tell us your favorite chain resturants and what items you like most,"survey, food, chain, resturant, easy, fast",$0.20 ,Thu Apr 01 18:28:07 PDT 2021,101,BatchId:4391393;OriginalHitTemplateId:928390912;,300,86400,Sat Apr 03 18:28:07 PDT 2021,,,3NG53N1RL3JMT48UDIFXDBWK3VHP8S,A4D99Y82KOLC8,Approved,Thu Apr 01 18:32:02 PDT 2021,Thu Apr 01 18:33:08 PDT 2021,Fri Apr 02 18:33:08 PDT 2021,Thu Apr 01 19:20:32 PDT 2021,,,66,100% (1/1),100% (1/1),100% (1/1),kfc,mcdonalds,taco bell,burger king,friend chicken,big mac,tacos,whopper,,,,,,
3ZTE0JGGDMS4YNOCPSDL1ERQXISOC7,3KIFW8VYCHONZ9HQKKZM09JQS93PBJ,"30-60 second quick survey about your favorite resturants and food, $12-24/h",Tell us your favorite chain resturants and what items you like most,"survey, food, chain, resturant, easy, fast",$0.20 ,Thu Apr 01 18:28:07 PDT 2021,101,BatchId:4391393;OriginalHitTemplateId:928390912;,300,86400,Sat Apr 03 18:28:07 PDT 2021,,,3NGI5ARFT154I4O9EX6IY19CPPD1PM,A8F4B0854KTXO,Approved,Thu Apr 01 18:44:44 PDT 2021,Thu Apr 01 18:47:27 PDT 2021,Fri Apr 02 18:47:27 PDT 2021,Thu Apr 01 19:20:32 PDT 2021,,,163,100% (1/1),100% (1/1),100% (1/1),Chili's,Captain D's,Ihop,McDonalds,Triple Dipper,3 piece fish meal,Breakfast sampler,10-piece McNuggets,,,,Sweet and sour sauce,,
3ZTE0JGGDMS4YNOCPSDL1ERQXISOC7,3KIFW8VYCHONZ9HQKKZM09JQS93PBJ,"30-60 second quick survey about your favorite resturants and food, $12-24/h",Tell us your favorite chain resturants and what items you like most,"survey, food, chain, resturant, easy, fast",$0.20 ,Thu Apr 01 18:28:07 PDT 2021,101,BatchId:4391393;OriginalHitTemplateId:928390912;,300,86400,Sat Apr 03 18:28:07 PDT 2021,,,3NKQQ8O3965B24CHBCP799XKM36UDZ,A1FLEFIVFT809G,Approved,Thu Apr 01 18:32:48 PDT 2021,Thu Apr 01 18:33:52 PDT 2021,Fri Apr 02 18:33:52 PDT 2021,Thu Apr 01 19:20:32 PDT 2021,,,64,100% (1/1),100% (1/1),100% (1/1),McDonalds,Wendy's,Olive Grden,Chick-fil A,french fries,chicken nuggets,bread sticks,chicken sandwich,,honey mustard,alfredo sauce,chick-fil A sauce,,
3ZTE0JGGDMS4YNOCPSDL1ERQXISOC7,3KIFW8VYCHONZ9HQKKZM09JQS93PBJ,"30-60 second quick survey about your favorite resturants and food, $12-24/h",Tell us your favorite chain resturants and what items you like most,"survey, food, chain, resturant, easy, fast",$0.20 ,Thu Apr 01 18:28:07 PDT 2021,101,BatchId:4391393;OriginalHitTemplateId:928390912;,300,86400,Sat Apr 03 18:28:07 PDT 2021,,,3NLZY2D53XP28NTS7K3QIL80SR2QL6,A2MI6AUNBXGL47,Approved,Thu Apr 01 18:33:34 PDT 2021,Thu Apr 01 18:35:32 PDT 2021,Fri Apr 02 18:35:32 PDT 2021,Thu Apr 01 19:20:32 PDT 2021,,,118,100% (1/1),100% (1/1),100% (1/1),Lions Choice,Denny's,Panda Express,McDonald's,The roast beef sandwich,The Grand Slam Breakfast,Orange Chicken,Big Mac,horseradish,No,Hot Mustard,No,,
3ZTE0JGGDMS4YNOCPSDL1ERQXISOC7,3KIFW8VYCHONZ9HQKKZM09JQS93PBJ,"30-60 second quick survey about your favorite resturants and food, $12-24/h",Tell us your favorite chain resturants and what items you like most,"survey, food, chain, resturant, easy, fast",$0.20 ,Thu Apr 01 18:28:07 PDT 2021,101,BatchId:4391393;OriginalHitTemplateId:928390912;,300,86400,Sat Apr 03 18:28:07 PDT 2021,,,3NQL1CS15Z8EDUW8CYMQIG94IYLVYX,ARG392N6HWZCJ,Approved,Thu Apr 01 18:29:41 PDT 2021,Thu Apr 01 18:30:33 PDT 2021,Fri Apr 02 18:30:33 PDT 2021,Thu Apr 01 19:20:32 PDT 2021,,,52,100% (1/1),100% (1/1),100% (1/1),Modern Market,Sweetgreen,Lou Malnatis,Rudys BBQ,Smoky Chicken Bowl,Crispy asian salad,Deep dish pizza,BBQ brisket,guac,none,no,creamed corn,,
3ZTE0JGGDMS4YNOCPSDL1ERQXISOC7,3KIFW8VYCHONZ9HQKKZM09JQS93PBJ,"30-60 second quick survey about your favorite resturants and food, $12-24/h",Tell us your favorite chain resturants and what items you like most,"survey, food, chain, resturant, easy, fast",$0.20 ,Thu Apr 01 18:28:07 PDT 2021,101,BatchId:4391393;OriginalHitTemplateId:928390912;,300,86400,Sat Apr 03 18:28:07 PDT 2021,,,3OE22WJIGQO5RDGMGYVR984J5IVQU0,AVMSKBK9JWV0M,Approved,Thu Apr 01 18:29:43 PDT 2021,Thu Apr 01 18:32:51 PDT 2021,Fri Apr 02 18:32:51 PDT 2021,Thu Apr 01 19:20:33 PDT 2021,,,188,100% (1/1),100% (1/1),100% (1/1),Burger King,Subway,McDonalds,Chick fil A,Big burger,Tuna sandwich,Cheese burger,Chicken sandwich,,"pickles, olives, tomatoes",,,,
3ZTE0JGGDMS4YNOCPSDL1ERQXISOC7,3KIFW8VYCHONZ9HQKKZM09JQS93PBJ,"30-60 second quick survey about your favorite resturants and food, $12-24/h",Tell us your favorite chain resturants and what items you like most,"survey, food, chain, resturant, easy, fast",$0.20 ,Thu Apr 01 18:28:07 PDT 2021,101,BatchId:4391393;OriginalHitTemplateId:928390912;,300,86400,Sat Apr 03 18:28:07 PDT 2021,,,3OLQQLKKN0P7GUFNV8WD8P6U5ZCEJJ,A3U5D83UGFY23Y,Approved,Thu Apr 01 19:07:45 PDT 2021,Thu Apr 01 19:12:28 PDT 2021,Fri Apr 02 19:12:28 PDT 2021,Thu Apr 01 19:20:33 PDT 2021,,,283,100% (1/1),100% (1/1),100% (1/1),"Chick fill A,",McDonalds,Subway,United states of america,"Chicken tikka, pizza",french fries,burger,tomato ketchup,"Soya sauce, ,",chilli sauce,,,,
3ZTE0JGGDMS4YNOCPSDL1ERQXISOC7,3KIFW8VYCHONZ9HQKKZM09JQS93PBJ,"30-60 second quick survey about your favorite resturants and food, $12-24/h",Tell us your favorite chain resturants and what items you like most,"survey, food, chain, resturant, easy, fast",$0.20 ,Thu Apr 01 18:28:07 PDT 2021,101,BatchId:4391393;OriginalHitTemplateId:928390912;,300,86400,Sat Apr 03 18:28:07 PDT 2021,,,3OUYGIZWRFY4BF3RIE2IKWQ2KX5P05,AK1RHLH9D0LFZ,Approved,Thu Apr 01 18:30:25 PDT 2021,Thu Apr 01 18:32:14 PDT 2021,Fri Apr 02 18:32:14 PDT 2021,Thu Apr 01 19:20:33 PDT 2021,,,109,100% (1/1),100% (1/1),100% (1/1),Whole Hog Cafe,chik-fil-a,in-n-out,burger king,BBQ Nachos,macaroni and cheese,double double,original chicken sandwich,Jalapenos,no,extra pickles,,,
3ZTE0JGGDMS4YNOCPSDL1ERQXISOC7,3KIFW8VYCHONZ9HQKKZM09JQS93PBJ,"30-60 second quick survey about your favorite resturants and food, $12-24/h",Tell us your favorite chain resturants and what items you like most,"survey, food, chain, resturant, easy, fast",$0.20 ,Thu Apr 01 18:28:07 PDT 2021,101,BatchId:4391393;OriginalHitTemplateId:928390912;,300,86400,Sat Apr 03 18:28:07 PDT 2021,,,3Q5C1WP23U10PU6QUIX40V4VYPB15Z,A1GOT0DXTYCM4E,Approved,Thu Apr 01 18:28:56 PDT 2021,Thu Apr 01 18:31:18 PDT 2021,Fri Apr 02 18:31:18 PDT 2021,Thu Apr 01 19:20:33 PDT 2021,,,142,100% (1/1),100% (1/1),100% (1/1),Applebees,Taco Bell,Red Robin,Dairy Queen,Fiesta Lime Chicken,Crunch Wrap Sepreme,Fries,Blizzards,NA,NA,NA,NA,,
3ZTE0JGGDMS4YNOCPSDL1ERQXISOC7,3KIFW8VYCHONZ9HQKKZM09JQS93PBJ,"30-60 second quick survey about your favorite resturants and food, $12-24/h",Tell us your favorite chain resturants and what items you like most,"survey, food, chain, resturant, easy, fast",$0.20 ,Thu Apr 01 18:28:07 PDT 2021,101,BatchId:4391393;OriginalHitTemplateId:928390912;,300,86400,Sat Apr 03 18:28:07 PDT 2021,,,3QAPZX2QNCD8J82LGGR6OJI99NE20W,ACJ3UHRI13IAB,Approved,Thu Apr 01 18:32:13 PDT 2021,Thu Apr 01 18:33:29 PDT 2021,Fri Apr 02 18:33:29 PDT 2021,Thu Apr 01 19:20:33 PDT 2021,,,76,100% (1/1),100% (1/1),100% (1/1),Mcdonalds,A&W,Pizza Hut,Burger King,Junior Chicken,Chicken buddy burger,Hawaiian pizza,Chicken fries,,,,,,
3ZTE0JGGDMS4YNOCPSDL1ERQXISOC7,3KIFW8VYCHONZ9HQKKZM09JQS93PBJ,"30-60 second quick survey about your favorite resturants and food, $12-24/h",Tell us your favorite chain resturants and what items you like most,"survey, food, chain, resturant, easy, fast",$0.20 ,Thu Apr 01 18:28:07 PDT 2021,101,BatchId:4391393;OriginalHitTemplateId:928390912;,300,86400,Sat Apr 03 18:28:07 PDT 2021,,,3QAVNHZ3EU4AL7MBIO64SLTVO9HLAV,A114FUPMPRD94G,Approved,Thu Apr 01 18:39:02 PDT 2021,Thu Apr 01 18:41:57 PDT 2021,Fri Apr 02 18:41:57 PDT 2021,Thu Apr 01 19:20:33 PDT 2021,,,175,100% (1/1),100% (1/1),100% (1/1),Dominos,potbelly,subway,Nandini,Veg and cheese pan pizza,mushroom sandwich,5foot burger,biryani,extra cheese and olives,extra cheese,extra olives anf cheese,extra raita,,
3ZTE0JGGDMS4YNOCPSDL1ERQXISOC7,3KIFW8VYCHONZ9HQKKZM09JQS93PBJ,"30-60 second quick survey about your favorite resturants and food, $12-24/h",Tell us your favorite chain resturants and what items you like most,"survey, food, chain, resturant, easy, fast",$0.20 ,Thu Apr 01 18:28:07 PDT 2021,101,BatchId:4391393;OriginalHitTemplateId:928390912;,300,86400,Sat Apr 03 18:28:07 PDT 2021,,,3R08VXYT7KV8DZ0CFZ1MR58LL8EW77,A13O22EMG5ZVN0,Approved,Thu Apr 01 18:32:45 PDT 2021,Thu Apr 01 18:33:35 PDT 2021,Fri Apr 02 18:33:35 PDT 2021,Thu Apr 01 19:20:33 PDT 2021,,,50,100% (1/1),100% (1/1),100% (1/1),Mcdonalds,wendys,chick fil a,chipotle,fries,baocnator,chicken strips,burrito,,,,,,
3ZTE0JGGDMS4YNOCPSDL1ERQXISOC7,3KIFW8VYCHONZ9HQKKZM09JQS93PBJ,"30-60 second quick survey about your favorite resturants and food, $12-24/h",Tell us your favorite chain resturants and what items you like most,"survey, food, chain, resturant, easy, fast",$0.20 ,Thu Apr 01 18:28:07 PDT 2021,101,BatchId:4391393;OriginalHitTemplateId:928390912;,300,86400,Sat Apr 03 18:28:07 PDT 2021,,,3R6BYFZZPFC0HSK87NVKHGZ9SY4FXO,A2PJBSDDN22XIX,Approved,Thu Apr 01 18:39:21 PDT 2021,Thu Apr 01 18:41:34 PDT 2021,Fri Apr 02 18:41:34 PDT 2021,Thu Apr 01 19:20:34 PDT 2021,,,133,100% (1/1),100% (1/1),100% (1/1),culvers,chilis,mcdonalds,burger king,butterburger,blooming onion,big mac,whopper,"lettuce, tomato",sauce,,,,
3ZTE0JGGDMS4YNOCPSDL1ERQXISOC7,3KIFW8VYCHONZ9HQKKZM09JQS93PBJ,"30-60 second quick survey about your favorite resturants and food, $12-24/h",Tell us your favorite chain resturants and what items you like most,"survey, food, chain, resturant, easy, fast",$0.20 ,Thu Apr 01 18:28:07 PDT 2021,101,BatchId:4391393;OriginalHitTemplateId:928390912;,300,86400,Sat Apr 03 18:28:07 PDT 2021,,,3R9WASFE27GPMNKN85J5E1FK0Y2ZF5,AGTXYXRMMG428,Approved,Thu Apr 01 18:45:05 PDT 2021,Thu Apr 01 18:47:48 PDT 2021,Fri Apr 02 18:47:48 PDT 2021,Thu Apr 01 19:20:34 PDT 2021,,,163,100% (1/1),100% (1/1),100% (1/1),KFC,Pizza inn,burger king,Creamy inn,chicken,pizza,burgers,ice cream,with fries and cold coke,,cold coke,butterscotch cake,,
3ZTE0JGGDMS4YNOCPSDL1ERQXISOC7,3KIFW8VYCHONZ9HQKKZM09JQS93PBJ,"30-60 second quick survey about your favorite resturants and food, $12-24/h",Tell us your favorite chain resturants and what items you like most,"survey, food, chain, resturant, easy, fast",$0.20 ,Thu Apr 01 18:28:07 PDT 2021,101,BatchId:4391393;OriginalHitTemplateId:928390912;,300,86400,Sat Apr 03 18:28:07 PDT 2021,,,3RRCEFRB7UCJ69KIIA7J1FBQK574BG,ASNMT3I94HZ44,Approved,Thu Apr 01 18:32:41 PDT 2021,Thu Apr 01 18:33:49 PDT 2021,Fri Apr 02 18:33:49 PDT 2021,Thu Apr 01 19:20:34 PDT 2021,,,68,100% (1/1),100% (1/1),100% (1/1),Olive Garden,Din Tai Fung,Taco Bell,Gen's Korean BBQ,Zuppa Toscano,Xao Long Bao,Cool Ranch Doritos Taco,spicy pork bulgogi,grated parmesan cheese,,,,,
3ZTE0JGGDMS4YNOCPSDL1ERQXISOC7,3KIFW8VYCHONZ9HQKKZM09JQS93PBJ,"30-60 second quick survey about your favorite resturants and food, $12-24/h",Tell us your favorite chain resturants and what items you like most,"survey, food, chain, resturant, easy, fast",$0.20 ,Thu Apr 01 18:28:07 PDT 2021,101,BatchId:4391393;OriginalHitTemplateId:928390912;,300,86400,Sat Apr 03 18:28:07 PDT 2021,,,3SB4CE2TJ3V5L130W79S3FOIVISAX7,AKD5AP4XQ4LI,Approved,Thu Apr 01 18:52:11 PDT 2021,Thu Apr 01 18:55:31 PDT 2021,Fri Apr 02 18:55:31 PDT 2021,Thu Apr 01 19:20:34 PDT 2021,,,200,100% (1/1),100% (1/1),100% (1/1),Chick fil A,McDonalds,Burger King,Applebee's,Bacon sandwich,Oreo milkshakes,Vanilla Ice Cream,Fiesta Lime Chicken,Cheddar,Fries,No,No,,
3ZTE0JGGDMS4YNOCPSDL1ERQXISOC7,3KIFW8VYCHONZ9HQKKZM09JQS93PBJ,"30-60 second quick survey about your favorite resturants and food, $12-24/h",Tell us your favorite chain resturants and what items you like most,"survey, food, chain, resturant, easy, fast",$0.20 ,Thu Apr 01 18:28:07 PDT 2021,101,BatchId:4391393;OriginalHitTemplateId:928390912;,300,86400,Sat Apr 03 18:28:07 PDT 2021,,,3SEPORI8WVZUQW3FXPXD004T3IQAZ4,A1RSDFFZIVE5BO,Approved,Thu Apr 01 18:52:25 PDT 2021,Thu Apr 01 18:55:51 PDT 2021,Fri Apr 02 18:55:51 PDT 2021,Thu Apr 01 19:20:34 PDT 2021,,,206,100% (1/1),100% (1/1),100% (1/1),KFC,Taco Bell,McDonald's,Wendy's,KFC Famous Bowl,Cheesy Fiesta Potatoes,Chicken Nuggets,4 for 4,N/A,,Honey Mustard,Honey Mustard & chocolate frosty,,
3ZTE0JGGDMS4YNOCPSDL1ERQXISOC7,3KIFW8VYCHONZ9HQKKZM09JQS93PBJ,"30-60 second quick survey about your favorite resturants and food, $12-24/h",Tell us your favorite chain resturants and what items you like most,"survey, food, chain, resturant, easy, fast",$0.20 ,Thu Apr 01 18:28:07 PDT 2021,101,BatchId:4391393;OriginalHitTemplateId:928390912;,300,86400,Sat Apr 03 18:28:07 PDT 2021,,,3SLE99ER0VDZ968733X9VBOZL09ZBM,A3RR85PK3AV9TU,Approved,Thu Apr 01 18:31:35 PDT 2021,Thu Apr 01 18:33:09 PDT 2021,Fri Apr 02 18:33:09 PDT 2021,Thu Apr 01 19:20:34 PDT 2021,,,94,100% (1/1),100% (1/1),100% (1/1),McDonald's,Taco Bell,Steak n Shake,Long John Silvers,Chicken McNuggets,Hard Tacos,Double Steakburger,Super Sampler Platter,Ketchup,Fire Sauce,,Cocktail sauce,,
3ZTE0JGGDMS4YNOCPSDL1ERQXISOC7,3KIFW8VYCHONZ9HQKKZM09JQS93PBJ,"30-60 second quick survey about your favorite resturants and food, $12-24/h",Tell us your favorite chain resturants and what items you like most,"survey, food, chain, resturant, easy, fast",$0.20 ,Thu Apr 01 18:28:07 PDT 2021,101,BatchId:4391393;OriginalHitTemplateId:928390912;,300,86400,Sat Apr 03 18:28:07 PDT 2021,,,3SNLUL3WOCNU0G09OTNVSM5PVC8LU6,A3O9OTN4KQ6MT,Approved,Thu Apr 01 18:32:17 PDT 2021,Thu Apr 01 18:36:57 PDT 2021,Fri Apr 02 18:36:57 PDT 2021,Thu Apr 01 19:20:34 PDT 2021,,,280,100% (1/1),100% (1/1),100% (1/1),starbucks,Taco bell,chick-fill-A,KFC,chicken fried rise,Noodles,BURGER KING,Arby's Roast Beef Sandwich,sauces fruit salad,pasta sauces,,,,
3ZTE0JGGDMS4YNOCPSDL1ERQXISOC7,3KIFW8VYCHONZ9HQKKZM09JQS93PBJ,"30-60 second quick survey about your favorite resturants and food, $12-24/h",Tell us your favorite chain resturants and what items you like most,"survey, food, chain, resturant, easy, fast",$0.20 ,Thu Apr 01 18:28:07 PDT 2021,101,BatchId:4391393;OriginalHitTemplateId:928390912;,300,86400,Sat Apr 03 18:28:07 PDT 2021,,,3SPJ03342935MZWEV987FSYANBFYJG,ACC67C294M03Q,Approved,Thu Apr 01 18:41:12 PDT 2021,Thu Apr 01 18:45:10 PDT 2021,Fri Apr 02 18:45:10 PDT 2021,Thu Apr 01 19:20:34 PDT 2021,,,238,100% (1/1),100% (1/1),100% (1/1),starbucks,mcdonalds,kfc,pizzahut,chicken stripes,french fries,chiken wings,chicken rolls,sauce,,tomota sause,,,
3ZTE0JGGDMS4YNOCPSDL1ERQXISOC7,3KIFW8VYCHONZ9HQKKZM09JQS93PBJ,"30-60 second quick survey about your favorite resturants and food, $12-24/h",Tell us your favorite chain resturants and what items you like most,"survey, food, chain, resturant, easy, fast",$0.20 ,Thu Apr 01 18:28:07 PDT 2021,101,BatchId:4391393;OriginalHitTemplateId:928390912;,300,86400,Sat Apr 03 18:28:07 PDT 2021,,,3T3IWE1XGENQR01XGT5H4CIHM4OQT9,A39VDXGL1RVURU,Approved,Thu Apr 01 18:28:56 PDT 2021,Thu Apr 01 18:31:13 PDT 2021,Fri Apr 02 18:31:13 PDT 2021,Thu Apr 01 19:20:35 PDT 2021,,,137,100% (1/1),100% (1/1),100% (1/1),the habit grill,mcdonalds,burger king,wendys,charburger,mcchicken,burger,chili,,,,,,
3ZTE0JGGDMS4YNOCPSDL1ERQXISOC7,3KIFW8VYCHONZ9HQKKZM09JQS93PBJ,"30-60 second quick survey about your favorite resturants and food, $12-24/h",Tell us your favorite chain resturants and what items you like most,"survey, food, chain, resturant, easy, fast",$0.20 ,Thu Apr 01 18:28:07 PDT 2021,101,BatchId:4391393;OriginalHitTemplateId:928390912;,300,86400,Sat Apr 03 18:28:07 PDT 2021,,,3TDXMTX3CJU7842278SFK0ZHBMYI6P,A1V6B5CPHCARUS,Approved,Thu Apr 01 18:51:49 PDT 2021,Thu Apr 01 18:55:34 PDT 2021,Fri Apr 02 18:55:34 PDT 2021,Thu Apr 01 19:20:35 PDT 2021,,,225,100% (1/1),100% (1/1),100% (1/1),toco bell,subway,arbys,mc donalds,soft tocos,meatball sub,pizza slider,"mc rib (when they had them,havent ate from their since they quit selling them)",sour cream,,mc donalds,,,
3ZTE0JGGDMS4YNOCPSDL1ERQXISOC7,3KIFW8VYCHONZ9HQKKZM09JQS93PBJ,"30-60 second quick survey about your favorite resturants and food, $12-24/h",Tell us your favorite chain resturants and what items you like most,"survey, food, chain, resturant, easy, fast",$0.20 ,Thu Apr 01 18:28:07 PDT 2021,101,BatchId:4391393;OriginalHitTemplateId:928390912;,300,86400,Sat Apr 03 18:28:07 PDT 2021,,,3TMSXRD2XE0U2DLAQJKDQVH8IMHW1D,A25J43V5MTSPP7,Approved,Thu Apr 01 19:09:12 PDT 2021,Thu Apr 01 19:11:30 PDT 2021,Fri Apr 02 19:11:30 PDT 2021,Thu Apr 01 19:20:35 PDT 2021,,,138,100% (1/1),100% (1/1),100% (1/1),pig minds,tom and jerrys,happy wok,noodles and company,buffalo soy based pasta bowl,mozzarella sticks,spicy egg fried rice,buffalo mac bowl,garlic bread,fries,soy sauce,extra buffalo,,
3ZTE0JGGDMS4YNOCPSDL1ERQXISOC7,3KIFW8VYCHONZ9HQKKZM09JQS93PBJ,"30-60 second quick survey about your favorite resturants and food, $12-24/h",Tell us your favorite chain resturants and what items you like most,"survey, food, chain, resturant, easy, fast",$0.20 ,Thu Apr 01 18:28:07 PDT 2021,101,BatchId:4391393;OriginalHitTemplateId:928390912;,300,86400,Sat Apr 03 18:28:07 PDT 2021,,,3TOK3KHVJ1I08QRAODACABVZI6FO7N,A1W845RVTAYPYN,Approved,Thu Apr 01 18:29:21 PDT 2021,Thu Apr 01 18:31:16 PDT 2021,Fri Apr 02 18:31:16 PDT 2021,Thu Apr 01 19:20:35 PDT 2021,,,115,100% (1/1),100% (1/1),100% (1/1),wendy's,mcdonald's,chik fil a,burger king,spicy nuggets,regular nuggets,spicy chicken sandwhich,nuggets,,,bbq,,,
3ZTE0JGGDMS4YNOCPSDL1ERQXISOC7,3KIFW8VYCHONZ9HQKKZM09JQS93PBJ,"30-60 second quick survey about your favorite resturants and food, $12-24/h",Tell us your favorite chain resturants and what items you like most,"survey, food, chain, resturant, easy, fast",$0.20 ,Thu Apr 01 18:28:07 PDT 2021,101,BatchId:4391393;OriginalHitTemplateId:928390912;,300,86400,Sat Apr 03 18:28:07 PDT 2021,,,3TUI152ZZJNPIGPOEAL7Y6ZMULZ1QD,AOG0PUCLMU0HH,Approved,Thu Apr 01 18:44:48 PDT 2021,Thu Apr 01 18:46:32 PDT 2021,Fri Apr 02 18:46:32 PDT 2021,Thu Apr 01 19:20:35 PDT 2021,,,104,100% (1/1),100% (1/1),100% (1/1),Red Lobster,Jack In The Box,Wendy's,Cheesecake Factory,Admiral's Feast,Bacon Ultimate Cheeseburger,Baconator,Oreo Cheesecake,,,,,,
3ZTE0JGGDMS4YNOCPSDL1ERQXISOC7,3KIFW8VYCHONZ9HQKKZM09JQS93PBJ,"30-60 second quick survey about your favorite resturants and food, $12-24/h",Tell us your favorite chain resturants and what items you like most,"survey, food, chain, resturant, easy, fast",$0.20 ,Thu Apr 01 18:28:07 PDT 2021,101,BatchId:4391393;OriginalHitTemplateId:928390912;,300,86400,Sat Apr 03 18:28:07 PDT 2021,,,3TVSS0C0E90VBXXJS24NW103A55TWG,A1KIL2V6SMJBGX,Approved,Thu Apr 01 18:29:50 PDT 2021,Thu Apr 01 18:31:14 PDT 2021,Fri Apr 02 18:31:14 PDT 2021,Thu Apr 01 19:20:35 PDT 2021,,,84,100% (1/1),100% (1/1),100% (1/1),Taco Bell,Wendys,McDonalds,Burger King,Crunchwrap supreme,Jr Bacon Cheesburger,Chicken Mcnuggets,Whopper,,,Sweet and sour sauce,,,
3ZTE0JGGDMS4YNOCPSDL1ERQXISOC7,3KIFW8VYCHONZ9HQKKZM09JQS93PBJ,"30-60 second quick survey about your favorite resturants and food, $12-24/h",Tell us your favorite chain resturants and what items you like most,"survey, food, chain, resturant, easy, fast",$0.20 ,Thu Apr 01 18:28:07 PDT 2021,101,BatchId:4391393;OriginalHitTemplateId:928390912;,300,86400,Sat Apr 03 18:28:07 PDT 2021,,,3U088ZLJVSTUVO0SU0GDCQYYDU8W07,A1IWA0SGR4KC3A,Approved,Thu Apr 01 18:28:53 PDT 2021,Thu Apr 01 18:32:08 PDT 2021,Fri Apr 02 18:32:08 PDT 2021,Thu Apr 01 19:20:35 PDT 2021,,,195,100% (1/1),100% (1/1),100% (1/1),Wendy's,Rosati's,Raising Canes,Chick-fil-a,Grilled chicken sandwich,thin crust sausage and mushroom pizza,chicken strips,chicken nuggets,smoked honey mustard,,Raising Canes special sauce,chick-fil-a sauce,,
3ZTE0JGGDMS4YNOCPSDL1ERQXISOC7,3KIFW8VYCHONZ9HQKKZM09JQS93PBJ,"30-60 second quick survey about your favorite resturants and food, $12-24/h",Tell us your favorite chain resturants and what items you like most,"survey, food, chain, resturant, easy, fast",$0.20 ,Thu Apr 01 18:28:07 PDT 2021,101,BatchId:4391393;OriginalHitTemplateId:928390912;,300,86400,Sat Apr 03 18:28:07 PDT 2021,,,3U088ZLJVSTUVO0SU0GDCQYYDUAW09,A2E8KRMDPDBGXO,Approved,Thu Apr 01 19:00:32 PDT 2021,Thu Apr 01 19:02:06 PDT 2021,Fri Apr 02 19:02:06 PDT 2021,Thu Apr 01 19:20:35 PDT 2021,,,94,100% (1/1),100% (1/1),100% (1/1),Wendys,mcdonalds,burger king,chick fil a,Baconator,big mac,whopper,chicken sandwich,Extra bacon,big mac sauce,pickles,pickles,,
3ZTE0JGGDMS4YNOCPSDL1ERQXISOC7,3KIFW8VYCHONZ9HQKKZM09JQS93PBJ,"30-60 second quick survey about your favorite resturants and food, $12-24/h",Tell us your favorite chain resturants and what items you like most,"survey, food, chain, resturant, easy, fast",$0.20 ,Thu Apr 01 18:28:07 PDT 2021,101,BatchId:4391393;OriginalHitTemplateId:928390912;,300,86400,Sat Apr 03 18:28:07 PDT 2021,,,3VHP9MDGRVKCEU9DGRZX33EZRGHCFK,A1ML6B8SBSWN7G,Approved,Thu Apr 01 18:48:40 PDT 2021,Thu Apr 01 18:52:17 PDT 2021,Fri Apr 02 18:52:17 PDT 2021,Thu Apr 01 19:20:36 PDT 2021,,,217,100% (1/1),100% (1/1),100% (1/1),Olive Garden,Chipotle,Panda Express,Jimmy Johns,Lasagna Fretta,Chipotle Bowl,Crispy Shrimp,The Veggie,,Tacos,Veggie Spring Roll,,,
3ZTE0JGGDMS4YNOCPSDL1ERQXISOC7,3KIFW8VYCHONZ9HQKKZM09JQS93PBJ,"30-60 second quick survey about your favorite resturants and food, $12-24/h",Tell us your favorite chain resturants and what items you like most,"survey, food, chain, resturant, easy, fast",$0.20 ,Thu Apr 01 18:28:07 PDT 2021,101,BatchId:4391393;OriginalHitTemplateId:928390912;,300,86400,Sat Apr 03 18:28:07 PDT 2021,,,3VJ40NV2QQNN6OOH1GDDF7NH736TO4,A4QDGJGTGK7NJ,Approved,Thu Apr 01 18:33:13 PDT 2021,Thu Apr 01 18:34:52 PDT 2021,Fri Apr 02 18:34:52 PDT 2021,Thu Apr 01 19:20:36 PDT 2021,,,99,100% (1/1),100% (1/1),100% (1/1),Chipotle,Dairy queen,Chik-fil-a,Burger king,Burrito bowl,Footlong hotdog,12 piece Chicken nuggets,Original chicken sandwhich,,relish,Honey mustard,,,
3ZTE0JGGDMS4YNOCPSDL1ERQXISOC7,3KIFW8VYCHONZ9HQKKZM09JQS93PBJ,"30-60 second quick survey about your favorite resturants and food, $12-24/h",Tell us your favorite chain resturants and what items you like most,"survey, food, chain, resturant, easy, fast",$0.20 ,Thu Apr 01 18:28:07 PDT 2021,101,BatchId:4391393;OriginalHitTemplateId:928390912;,300,86400,Sat Apr 03 18:28:07 PDT 2021,,,3VZLGYJEYTA6M9B88ZPRK8FR43XXZT,A1LDO8EYGXOA9D,Approved,Thu Apr 01 18:36:26 PDT 2021,Thu Apr 01 18:39:22 PDT 2021,Fri Apr 02 18:39:22 PDT 2021,Thu Apr 01 19:20:36 PDT 2021,,,176,100% (1/1),100% (1/1),100% (1/1),5 Guys,Cheesecake Factory,Olive Garden,Wendy's,Bacon Cheeseburger,Seafood Gumbo,Shrimp and Chicken Carbonara,Baconator,plain,rice on the side,hold red peppers,plain,,
3ZTE0JGGDMS4YNOCPSDL1ERQXISOC7,3KIFW8VYCHONZ9HQKKZM09JQS93PBJ,"30-60 second quick survey about your favorite resturants and food, $12-24/h",Tell us your favorite chain resturants and what items you like most,"survey, food, chain, resturant, easy, fast",$0.20 ,Thu Apr 01 18:28:07 PDT 2021,101,BatchId:4391393;OriginalHitTemplateId:928390912;,300,86400,Sat Apr 03 18:28:07 PDT 2021,,,3X31TUMD75MERJ9BM5DBHK0SKFCL18,A2P1B4TNNMPQQF,Approved,Thu Apr 01 18:51:58 PDT 2021,Thu Apr 01 18:54:45 PDT 2021,Fri Apr 02 18:54:45 PDT 2021,Thu Apr 01 19:20:36 PDT 2021,,,167,100% (1/1),100% (1/1),100% (1/1),Chick-Fil-A,Chilis,Cracker Barrel,Longhorns,Spicy grilled chicken sandwich,Chips & Salsa,Grilled chicken tenderloins,Grilled shrimp,,,Grilled sourdough bread,,,
3ZTE0JGGDMS4YNOCPSDL1ERQXISOC7,3KIFW8VYCHONZ9HQKKZM09JQS93PBJ,"30-60 second quick survey about your favorite resturants and food, $12-24/h",Tell us your favorite chain resturants and what items you like most,"survey, food, chain, resturant, easy, fast",$0.20 ,Thu Apr 01 18:28:07 PDT 2021,101,BatchId:4391393;OriginalHitTemplateId:928390912;,300,86400,Sat Apr 03 18:28:07 PDT 2021,,,3X73LLYYQ9EFJUXA07WBMZKO6Z8NHB,A2208K8VZ87PB1,Approved,Thu Apr 01 18:50:52 PDT 2021,Thu Apr 01 18:52:34 PDT 2021,Fri Apr 02 18:52:34 PDT 2021,Thu Apr 01 19:20:36 PDT 2021,,,102,100% (1/1),100% (1/1),100% (1/1),McDonalds,Jack n the Box,In N Out,Burger King,coffee,ultimate cheeseburger,cheeseburger,Mozzarella Sticks,creamer,fries,animal style fries,Marinara Sauce,,
3ZTE0JGGDMS4YNOCPSDL1ERQXISOC7,3KIFW8VYCHONZ9HQKKZM09JQS93PBJ,"30-60 second quick survey about your favorite resturants and food, $12-24/h",Tell us your favorite chain resturants and what items you like most,"survey, food, chain, resturant, easy, fast",$0.20 ,Thu Apr 01 18:28:07 PDT 2021,101,BatchId:4391393;OriginalHitTemplateId:928390912;,300,86400,Sat Apr 03 18:28:07 PDT 2021,,,3XIQGXAUMK8N2Z52P4X8TOMSUAKX71,A2H2NYSFUUNAUB,Approved,Thu Apr 01 18:34:17 PDT 2021,Thu Apr 01 18:35:25 PDT 2021,Fri Apr 02 18:35:25 PDT 2021,Thu Apr 01 19:20:36 PDT 2021,,,68,100% (1/1),100% (1/1),100% (1/1),Dominos,In and out,Wendys,Chick fil a,Pan pepperoni pizza,Plain hamburger,Plain hamburger,Garden salad,,,,,,
3ZTE0JGGDMS4YNOCPSDL1ERQXISOC7,3KIFW8VYCHONZ9HQKKZM09JQS93PBJ,"30-60 second quick survey about your favorite resturants and food, $12-24/h",Tell us your favorite chain resturants and what items you like most,"survey, food, chain, resturant, easy, fast",$0.20 ,Thu Apr 01 18:28:07 PDT 2021,101,BatchId:4391393;OriginalHitTemplateId:928390912;,300,86400,Sat Apr 03 18:28:07 PDT 2021,,,3XXU1SWE8UVXOBXPTVKLU117LB6A0B,A26R5V1GY7FGEL,Approved,Thu Apr 01 18:34:38 PDT 2021,Thu Apr 01 18:39:22 PDT 2021,Fri Apr 02 18:39:22 PDT 2021,Thu Apr 01 19:20:37 PDT 2021,,,284,100% (1/1),100% (1/1),100% (1/1),McDonald's,Starbucks,Wendy's,Dunkin,4 Piece Chicken McNuggets,Skinny Vanilla Latte,Maple Bacon Chicken Croissant,Fudge Croissant Donut,,,,,,
3ZTE0JGGDMS4YNOCPSDL1ERQXISOC7,3KIFW8VYCHONZ9HQKKZM09JQS93PBJ,"30-60 second quick survey about your favorite resturants and food, $12-24/h",Tell us your favorite chain resturants and what items you like most,"survey, food, chain, resturant, easy, fast",$0.20 ,Thu Apr 01 18:28:07 PDT 2021,101,BatchId:4391393;OriginalHitTemplateId:928390912;,300,86400,Sat Apr 03 18:28:07 PDT 2021,,,3Y9N9SS8L6BR3AZYWST6M07K9QO3D2,A9DM85EPB0OR2,Approved,Thu Apr 01 18:51:23 PDT 2021,Thu Apr 01 18:53:37 PDT 2021,Fri Apr 02 18:53:37 PDT 2021,Thu Apr 01 19:20:37 PDT 2021,,,134,100% (1/1),100% (1/1),100% (1/1),arby,zaxbys,burger king,subway,beef and cheddar,kickin chicken sandwich,whopper,cold cut sub,none,none,none,sweet onion,,
3ZTE0JGGDMS4YNOCPSDL1ERQXISOC7,3KIFW8VYCHONZ9HQKKZM09JQS93PBJ,"30-60 second quick survey about your favorite resturants and food, $12-24/h",Tell us your favorite chain resturants and what items you like most,"survey, food, chain, resturant, easy, fast",$0.20 ,Thu Apr 01 18:28:07 PDT 2021,101,BatchId:4391393;OriginalHitTemplateId:928390912;,300,86400,Sat Apr 03 18:28:07 PDT 2021,,,3YDTZAI2W5GITB2QGDEUV3YHYTG14U,A25EVN04BC2KJ6,Approved,Thu Apr 01 18:29:22 PDT 2021,Thu Apr 01 18:30:26 PDT 2021,Fri Apr 02 18:30:26 PDT 2021,Thu Apr 01 19:20:37 PDT 2021,,,64,100% (1/1),100% (1/1),100% (1/1),Chick-Fil-A,Dominos,Canes,Mr. Gattis,Chicken Minis,Pepperoni & Bacon Pizza,Box Combo,Cheese Sticks,,,,,,
3ZTE0JGGDMS4YNOCPSDL1ERQXISOC7,3KIFW8VYCHONZ9HQKKZM09JQS93PBJ,"30-60 second quick survey about your favorite resturants and food, $12-24/h",Tell us your favorite chain resturants and what items you like most,"survey, food, chain, resturant, easy, fast",$0.20 ,Thu Apr 01 18:28:07 PDT 2021,101,BatchId:4391393;OriginalHitTemplateId:928390912;,300,86400,Sat Apr 03 18:28:07 PDT 2021,,,3YDTZAI2W5GITB2QGDEUV3YHYTH14V,A27O7H19C0WQ7T,Approved,Thu Apr 01 18:50:13 PDT 2021,Thu Apr 01 18:51:42 PDT 2021,Fri Apr 02 18:51:42 PDT 2021,Thu Apr 01 19:20:37 PDT 2021,,,89,100% (1/1),100% (1/1),100% (1/1),Chic fil a,Cookout,Giordanos,Faziolis,Mac and cheese,Cheese quesadilla,Deep dish pizza,Spaghetti,Polynesian sauce,Salt,Ranch,No,,
3ZTE0JGGDMS4YNOCPSDL1ERQXISOC7,3KIFW8VYCHONZ9HQKKZM09JQS93PBJ,"30-60 second quick survey about your favorite resturants and food, $12-24/h",Tell us your favorite chain resturants and what items you like most,"survey, food, chain, resturant, easy, fast",$0.20 ,Thu Apr 01 18:28:07 PDT 2021,101,BatchId:4391393;OriginalHitTemplateId:928390912;,300,86400,Sat Apr 03 18:28:07 PDT 2021,,,3YMTUJH0D0GJ2VEZIWY419HCQC7T4V,A3PE6Y84HH8AKG,Approved,Thu Apr 01 18:40:50 PDT 2021,Thu Apr 01 18:44:44 PDT 2021,Fri Apr 02 18:44:44 PDT 2021,Thu Apr 01 19:20:37 PDT 2021,,,234,100% (1/1),100% (1/1),100% (1/1),Mc donald's,Five Guys.,Burger King.,Taco Mac,Fillet fish sandwich,Kosher hotdog.,Big Fish sandwich.,Veggie Burrito.,,French fries.,,,,
3ZTE0JGGDMS4YNOCPSDL1ERQXISOC7,3KIFW8VYCHONZ9HQKKZM09JQS93PBJ,"30-60 second quick survey about your favorite resturants and food, $12-24/h",Tell us your favorite chain resturants and what items you like most,"survey, food, chain, resturant, easy, fast",$0.20 ,Thu Apr 01 18:28:07 PDT 2021,101,BatchId:4391393;OriginalHitTemplateId:928390912;,300,86400,Sat Apr 03 18:28:07 PDT 2021,,,3YMTUJH0D0GJ2VEZIWY419HCQC84T7,A12VY7HFEVPEXU,Approved,Thu Apr 01 18:50:01 PDT 2021,Thu Apr 01 18:53:15 PDT 2021,Fri Apr 02 18:53:15 PDT 2021,Thu Apr 01 19:20:37 PDT 2021,,,194,100% (1/1),100% (1/1),100% (1/1),Wendy's,Chick-fil-A,Wataburger,McDonalds,6-piece nuggets,12-piece nuggets,Patty Melt,Big Mac,Sweet and sour sauce,Polynesian sauce,,BBQ Sauce,,
3ZTE0JGGDMS4YNOCPSDL1ERQXISOC7,3KIFW8VYCHONZ9HQKKZM09JQS93PBJ,"30-60 second quick survey about your favorite resturants and food, $12-24/h",Tell us your favorite chain resturants and what items you like most,"survey, food, chain, resturant, easy, fast",$0.20 ,Thu Apr 01 18:28:07 PDT 2021,101,BatchId:4391393;OriginalHitTemplateId:928390912;,300,86400,Sat Apr 03 18:28:07 PDT 2021,,,3YMU66OBIV8992GOD3JGWFBR5NKHGV,A1APUWC5IMC5NV,Approved,Thu Apr 01 18:30:51 PDT 2021,Thu Apr 01 18:33:38 PDT 2021,Fri Apr 02 18:33:38 PDT 2021,Thu Apr 01 19:20:37 PDT 2021,,,167,100% (1/1),100% (1/1),100% (1/1),Burger King,McDonald's,Taco Bell,Chick-fil-A,Double Bacon Whopper,Caramel Frappe,Beefy Burrito,Chick-fil-A Sandwich,cheese,extra whip cream,sour cream,cheese,,
3ZTE0JGGDMS4YNOCPSDL1ERQXISOC7,3KIFW8VYCHONZ9HQKKZM09JQS93PBJ,"30-60 second quick survey about your favorite resturants and food, $12-24/h",Tell us your favorite chain resturants and what items you like most,"survey, food, chain, resturant, easy, fast",$0.20 ,Thu Apr 01 18:28:07 PDT 2021,101,BatchId:4391393;OriginalHitTemplateId:928390912;,300,86400,Sat Apr 03 18:28:07 PDT 2021,,,3Z2R0DQ0JPE7AYHFONQL98KD3OOE2U,A2AA0GM76ENV5C,Approved,Thu Apr 01 18:39:01 PDT 2021,Thu Apr 01 18:41:15 PDT 2021,Fri Apr 02 18:41:15 PDT 2021,Thu Apr 01 19:20:38 PDT 2021,,,134,100% (1/1),100% (1/1),100% (1/1),Nandos,Pf changs,Five guys,Mc donalds,Grilled peri peri half chicken,Sesame chicken,Cheeseburger,Big tasty,"Xtra hot sauce, chips and slaw",Rice,"Milk shake, fries","Mil shake , friies",,
3ZTE0JGGDMS4YNOCPSDL1ERQXISOC7,3KIFW8VYCHONZ9HQKKZM09JQS93PBJ,"30-60 second quick survey about your favorite resturants and food, $12-24/h",Tell us your favorite chain resturants and what items you like most,"survey, food, chain, resturant, easy, fast",$0.20 ,Thu Apr 01 18:28:07 PDT 2021,101,BatchId:4391393;OriginalHitTemplateId:928390912;,300,86400,Sat Apr 03 18:28:07 PDT 2021,,,3Z7VU45IP6HYW8QF164KPZBQZOJ1Z6,A3SX229VS1X6B6,Approved,Thu Apr 01 18:37:13 PDT 2021,Thu Apr 01 18:38:38 PDT 2021,Fri Apr 02 18:38:38 PDT 2021,Thu Apr 01 19:20:38 PDT 2021,,,85,100% (1/1),100% (1/1),100% (1/1),In N Out,mcdonalds,popeyes,burger king,double double,sausage mcmuffin with egg,The chicken sandwich,the whopper,none,extra hashbrown,no,no,,
3ZTE0JGGDMS4YNOCPSDL1ERQXISOC7,3KIFW8VYCHONZ9HQKKZM09JQS93PBJ,"30-60 second quick survey about your favorite resturants and food, $12-24/h",Tell us your favorite chain resturants and what items you like most,"survey, food, chain, resturant, easy, fast",$0.20 ,Thu Apr 01 18:28:07 PDT 2021,101,BatchId:4391393;OriginalHitTemplateId:928390912;,300,86400,Sat Apr 03 18:28:07 PDT 2021,,,3Z9WI9EOZ7OEBOC73U4VU73KC41HKY,A6O1VFV32LBS8,Approved,Thu Apr 01 18:29:52 PDT 2021,Thu Apr 01 18:32:12 PDT 2021,Fri Apr 02 18:32:12 PDT 2021,Thu Apr 01 19:20:38 PDT 2021,,,140,100% (1/1),100% (1/1),100% (1/1),Popeyes,Mcdonalds,Bonefish Grill,Moes southwest grill,Chicken sandwich,Quarter pounder,Bang bang shrimp,Tofu quesadilla,,,,,,
3ZTE0JGGDMS4YNOCPSDL1ERQXISOC7,3KIFW8VYCHONZ9HQKKZM09JQS93PBJ,"30-60 second quick survey about your favorite resturants and food, $12-24/h",Tell us your favorite chain resturants and what items you like most,"survey, food, chain, resturant, easy, fast",$0.20 ,Thu Apr 01 18:28:07 PDT 2021,101,BatchId:4391393;OriginalHitTemplateId:928390912;,300,86400,Sat Apr 03 18:28:07 PDT 2021,,,3ZAZR5XV09IIJB0DH3T46VUH3LACZ7,AKX5RHHO8BIUX,Approved,Thu Apr 01 18:36:19 PDT 2021,Thu Apr 01 18:38:37 PDT 2021,Fri Apr 02 18:38:37 PDT 2021,Thu Apr 01 19:20:38 PDT 2021,,,138,100% (1/1),100% (1/1),100% (1/1),Wendys,McDonald's,Taco Bell,Chipotle,Double Burger,McDouble,Chalupa Supreme,Steak Burrito,no,no,no,no,,
3ZTE0JGGDMS4YNOCPSDL1ERQXISOC7,3KIFW8VYCHONZ9HQKKZM09JQS93PBJ,"30-60 second quick survey about your favorite resturants and food, $12-24/h",Tell us your favorite chain resturants and what items you like most,"survey, food, chain, resturant, easy, fast",$0.20 ,Thu Apr 01 18:28:07 PDT 2021,101,BatchId:4391393;OriginalHitTemplateId:928390912;,300,86400,Sat Apr 03 18:28:07 PDT 2021,,,3ZGVPD4G61HZ5S2O3POUV5ULR79TZ6,A3E65QA8DZX26T,Approved,Thu Apr 01 18:30:24 PDT 2021,Thu Apr 01 18:31:48 PDT 2021,Fri Apr 02 18:31:48 PDT 2021,Thu Apr 01 19:20:38 PDT 2021,,,84,100% (1/1),100% (1/1),100% (1/1),Burger King,McDonald's,Wendy's,KFC,Whopper,Big Mac,Bacon Cheeseburger,Fried Chicken,,,,,,
3ZTE0JGGDMS4YNOCPSDL1ERQXISOC7,3KIFW8VYCHONZ9HQKKZM09JQS93PBJ,"30-60 second quick survey about your favorite resturants and food, $12-24/h",Tell us your favorite chain resturants and what items you like most,"survey, food, chain, resturant, easy, fast",$0.20 ,Thu Apr 01 18:28:07 PDT 2021,101,BatchId:4391393;OriginalHitTemplateId:928390912;,300,86400,Sat Apr 03 18:28:07 PDT 2021,,,3ZPBJO59KX16XI6XBDI8QU8USV4HDL,A163IXTTEZCCJ6,Approved,Thu Apr 01 18:29:20 PDT 2021,Thu Apr 01 18:30:27 PDT 2021,Fri Apr 02 18:30:27 PDT 2021,Thu Apr 01 19:20:38 PDT 2021,,,67,100% (1/1),100% (1/1),100% (1/1),Chipotle,Taco Bell,Burger King,Sonics,Chicken bowl,Chipotle Chicken,Jalepeno poppers,Ocean Water,Guacomole,,ranch,none,,
3ZTE0JGGDMS4YNOCPSDL1ERQXISOC7,3KIFW8VYCHONZ9HQKKZM09JQS93PBJ,"30-60 second quick survey about your favorite resturants and food, $12-24/h",Tell us your favorite chain resturants and what items you like most,"survey, food, chain, resturant, easy, fast",$0.20 ,Thu Apr 01 18:28:07 PDT 2021,101,BatchId:4391393;OriginalHitTemplateId:928390912;,300,86400,Sat Apr 03 18:28:07 PDT 2021,,,3ZWFC4W1U27GKWYWYOPSSYDLRHJRF4,AVV45BXBPOCS0,Approved,Thu Apr 01 18:43:36 PDT 2021,Thu Apr 01 18:45:36 PDT 2021,Fri Apr 02 18:45:36 PDT 2021,Thu Apr 01 19:20:38 PDT 2021,,,120,100% (1/1),100% (1/1),100% (1/1),Taco Bell,Wendy's,McDonald's,Burger King,Soft Taco,Spicy Chicken Sandwich,Filet-O-Fish Sandwich,Original Chicken Ssndwich,Spicy sauce,,,,,
